,age,gender,race
0,6,0,0
1,4,1,1
2,1,1,2
3,3,1,1
4,3,1,1
5,3,0,3
6,5,0,4
7,4,1,1
8,2,0,3
9,4,0,4
10,6,0,0
11,3,0,0
12,3,0,5
13,2,0,1
14,7,1,1
15,4,1,3
16,3,1,6
17,5,0,6
18,0,1,2
19,6,0,6
20,3,1,1
21,4,1,4
22,3,1,2
23,4,1,3
24,3,1,3
25,4,1,2
26,6,1,3
27,2,1,3
28,3,0,1
29,3,1,2
30,5,1,2
31,2,1,0
32,6,0,3
33,5,0,4
34,3,0,0
35,7,1,4
36,3,1,5
37,4,0,5
38,6,0,4
39,3,1,5
40,3,0,3
41,2,1,2
42,2,1,6
43,5,0,5
44,2,0,1
45,2,1,1
46,7,0,0
47,1,1,4
48,2,1,6
49,6,1,2
50,1,1,0
51,7,0,5
52,6,0,6
53,4,1,0
54,4,0,6
55,4,0,3
56,3,0,2
57,5,1,5
58,2,1,5
59,2,1,5
60,1,0,0
61,2,0,1
62,5,0,1
63,3,0,6
64,4,0,0
65,4,0,5
66,2,1,5
67,7,0,3
68,6,0,6
69,4,0,1
70,7,1,1
71,4,0,5
72,4,1,5
73,3,1,6
74,4,0,1
75,3,0,6
76,6,1,2
77,3,1,4
78,5,0,5
79,4,0,3
80,4,1,2
81,4,0,1
82,5,0,3
83,2,1,2
84,3,1,3
85,3,1,2
86,3,0,2
87,3,1,6
88,5,0,1
89,6,0,1
90,4,0,5
91,0,1,0
92,4,1,3
93,1,1,5
94,3,0,2
95,4,1,3
96,4,1,3
97,3,1,0
98,4,0,3
99,3,1,0
100,4,0,1
101,4,0,3
102,5,0,1
103,4,0,1
104,6,0,0
105,5,0,2
106,4,1,3
107,8,1,1
108,3,1,4
109,4,0,3
110,5,1,1
111,5,1,5
112,4,0,4
113,4,1,3
114,6,0,2
115,3,1,5
116,4,0,3
117,4,0,3
118,5,0,1
119,7,0,4
120,3,1,3
121,3,1,0
122,4,1,2
123,0,0,1
124,5,0,3
125,4,1,0
126,1,1,3
127,3,1,1
128,2,1,2
129,6,0,3
130,4,1,4
131,1,1,3
132,1,0,5
133,4,0,3
134,5,1,3
135,6,1,1
136,5,0,5
137,6,0,2
138,4,1,0
139,3,1,0
140,2,0,5
141,4,0,0
142,4,0,1
143,8,0,0
144,4,0,3
145,5,0,6
146,5,0,6
147,6,0,6
148,6,0,1
149,3,0,5
150,3,1,2
151,3,0,4
152,3,1,6
153,4,0,3
154,3,0,6
155,3,0,5
156,3,0,3
157,1,0,2
158,4,1,1
159,5,1,2
160,2,1,5
161,4,1,3
162,2,0,6
163,3,1,0
164,6,1,6
165,1,0,0
166,4,1,5
167,3,1,6
168,3,0,0
169,3,1,6
170,4,1,3
171,2,0,6
172,3,1,5
173,7,0,1
174,3,1,1
175,7,1,3
176,4,1,3
177,4,0,3
178,2,1,2
179,4,0,4
180,3,1,5
181,5,0,2
182,3,1,2
183,3,0,3
184,1,0,2
185,6,1,6
186,4,1,4
187,1,1,1
188,1,1,0
189,2,0,0
190,3,1,0
191,2,1,3
192,7,0,3
193,3,0,0
194,5,0,2
195,3,1,4
196,5,1,3
197,2,1,1
198,3,1,5
199,2,0,1
200,5,1,5
201,5,0,2
202,3,0,3
203,3,1,0
204,1,1,6
205,6,1,3
206,3,1,4
207,4,1,1
208,4,1,2
209,1,0,2
210,3,0,6
211,1,0,0
212,6,0,3
213,6,0,3
214,4,1,2
215,6,0,2
216,5,0,1
217,4,1,4
218,4,1,6
219,1,0,5
220,1,1,3
221,4,0,4
222,6,0,5
223,5,1,5
224,5,0,4
225,3,1,6
226,4,0,4
227,3,1,1
228,4,0,5
229,6,0,3
230,4,0,6
231,6,0,4
232,3,0,4
233,5,0,3
234,3,1,0
235,3,1,6
236,4,0,1
237,4,0,6
238,4,1,3
239,3,1,1
240,4,0,3
241,3,1,1
242,5,1,6
243,5,1,2
244,3,1,6
245,3,0,3
246,3,1,1
247,1,0,2
248,2,0,1
249,4,1,0
250,1,0,2
251,3,1,0
252,1,0,6
253,1,0,5
254,8,1,6
255,1,0,0
256,2,1,5
257,1,0,6
258,2,1,5
259,3,0,2
260,4,0,5
261,1,0,2
262,5,1,2
263,2,0,6
264,4,1,3
265,2,0,5
266,5,0,2
267,3,0,5
268,3,1,6
269,3,1,5
270,3,1,6
271,5,0,3
272,4,0,1
273,4,0,2
274,2,0,2
275,1,0,2
276,1,0,1
277,1,1,3
278,3,1,5
279,4,0,3
280,4,0,1
281,5,1,2
282,5,0,0
283,2,1,5
284,4,0,3
285,3,0,6
286,1,0,2
287,3,1,0
288,4,1,2
289,2,0,0
290,6,0,5
291,3,1,3
292,2,0,2
293,1,1,6
294,4,0,5
295,3,1,5
296,4,1,6
297,3,0,3
298,5,0,3
299,1,1,2
300,4,0,4
301,1,1,2
302,3,1,3
303,1,1,4
304,4,1,1
305,6,0,5
306,4,1,0
307,3,0,4
308,5,1,3
309,4,0,4
310,3,1,0
311,3,1,4
312,3,0,2
313,5,0,2
314,4,0,1
315,4,0,5
316,4,1,6
317,5,0,3
318,2,1,1
319,3,1,0
320,1,1,1
321,3,1,3
322,7,0,3
323,5,1,5
324,4,1,0
325,5,0,0
326,1,0,2
327,6,0,1
328,4,0,0
329,3,1,0
330,3,1,3
331,5,1,5
332,3,0,3
333,5,0,3
334,3,1,0
335,4,1,5
336,6,0,3
337,1,0,1
338,3,1,3
339,1,0,3
340,3,1,6
341,5,1,1
342,3,0,1
343,1,1,4
344,3,0,5
345,4,1,3
346,3,0,6
347,0,1,3
348,5,0,1
349,3,0,4
350,4,0,3
351,6,0,2
352,6,0,0
353,6,0,5
354,4,1,0
355,0,1,6
356,4,0,0
357,3,1,0
358,3,1,3
359,2,0,6
360,4,1,5
361,1,0,4
362,4,0,6
363,1,1,1
364,2,0,1
365,3,1,5
366,4,0,4
367,3,1,1
368,5,1,0
369,4,0,2
370,6,0,5
371,4,0,4
372,4,0,0
373,3,1,6
374,4,0,1
375,3,0,2
376,6,1,5
377,4,0,6
378,6,0,5
379,5,1,3
380,4,1,4
381,4,1,0
382,4,1,0
383,3,1,2
384,5,0,4
385,3,0,0
386,4,0,4
387,2,1,2
388,4,1,0
389,3,0,0
390,1,1,0
391,2,0,2
392,2,1,1
393,1,0,5
394,6,0,4
395,3,1,3
396,0,0,4
397,6,0,0
398,2,1,4
399,3,0,2
400,5,0,1
401,4,0,5
402,4,0,1
403,4,0,1
404,3,1,5
405,7,0,3
406,3,1,5
407,2,0,5
408,4,1,3
409,3,0,5
410,3,1,5
411,1,0,0
412,4,1,3
413,1,0,2
414,4,0,1
415,1,1,6
416,1,0,4
417,8,0,4
418,4,0,3
419,5,1,3
420,2,0,6
421,2,0,0
422,3,0,5
423,1,1,2
424,3,0,1
425,3,1,6
426,4,1,3
427,3,0,6
428,4,1,3
429,3,1,5
430,3,1,5
431,7,0,1
432,2,1,2
433,4,1,3
434,4,1,5
435,3,0,4
436,0,0,1
437,3,1,4
438,3,1,1
439,5,1,2
440,3,1,3
441,3,1,5
442,5,0,3
443,3,0,3
444,3,1,1
445,3,0,0
446,5,1,2
447,8,0,5
448,4,0,0
449,2,0,6
450,1,1,0
451,3,1,0
452,5,1,6
453,3,1,3
454,3,0,3
455,7,0,3
456,3,0,2
457,0,1,5
458,2,1,3
459,1,1,0
460,3,0,0
461,3,1,0
462,6,0,4
463,1,0,2
464,4,0,0
465,4,1,6
466,3,1,1
467,1,0,3
468,1,0,4
469,1,0,6
470,2,1,5
471,3,0,4
472,3,1,0
473,5,0,3
474,3,1,3
475,3,1,3
476,4,0,5
477,3,0,1
478,1,1,5
479,4,1,3
480,6,1,0
481,3,1,3
482,4,0,4
483,3,0,5
484,2,1,2
485,2,1,1
486,4,1,4
487,4,1,2
488,4,1,2
489,4,1,0
490,3,0,4
491,4,0,2
492,2,1,0
493,4,1,5
494,4,0,3
495,4,1,6
496,3,1,0
497,4,0,5
498,5,1,0
499,5,0,6
500,1,0,3
501,0,1,3
502,1,1,5
503,3,1,0
504,1,0,0
505,0,1,1
506,4,0,3
507,1,1,1
508,2,1,0
509,1,0,0
510,4,0,3
511,2,1,0
512,2,0,6
513,3,1,3
514,7,0,3
515,1,0,2
516,2,1,2
517,1,0,0
518,3,1,5
519,3,0,3
520,3,0,5
521,3,0,1
522,3,1,3
523,4,1,3
524,5,0,2
525,5,1,2
526,3,0,2
527,4,0,3
528,2,1,6
529,3,1,5
530,1,0,2
531,3,1,5
532,3,1,2
533,5,0,6
534,4,1,2
535,4,0,0
536,5,0,4
537,6,1,3
538,3,0,0
539,5,0,2
540,1,0,5
541,4,0,5
542,4,0,3
543,3,1,1
544,4,1,5
545,5,0,1
546,4,0,5
547,2,1,6
548,4,0,5
549,6,0,5
550,3,0,5
551,5,0,6
552,3,0,3
553,3,1,1
554,6,0,3
555,7,0,5
556,4,0,5
557,1,0,1
558,4,1,3
559,5,1,3
560,0,0,3
561,4,1,4
562,2,1,3
563,3,1,2
564,4,0,2
565,2,1,0
566,6,1,1
567,4,1,3
568,6,0,1
569,6,0,4
570,6,0,3
571,4,0,2
572,1,0,6
573,1,1,6
574,2,1,4
575,5,1,5
576,4,0,5
577,4,0,3
578,1,0,5
579,3,0,1
580,1,0,0
581,2,0,6
582,1,1,0
583,5,0,0
584,2,0,5
585,3,1,2
586,5,0,3
587,2,1,1
588,2,1,2
589,6,1,6
590,6,0,5
591,2,0,2
592,4,1,5
593,2,1,5
594,4,1,2
595,1,1,6
596,5,0,5
597,3,0,3
598,1,0,0
599,3,0,1
600,3,1,6
601,6,1,3
602,3,1,1
603,5,0,5
604,4,0,2
605,3,1,4
606,1,1,6
607,3,1,5
608,5,0,2
609,5,0,4
610,6,0,4
611,3,1,3
612,3,0,5
613,4,1,5
614,5,1,0
615,4,1,1
616,5,0,5
617,5,0,6
618,7,1,0
619,5,1,2
620,2,0,6
621,3,1,6
622,4,1,0
623,4,1,1
624,3,1,5
625,3,0,6
626,3,1,0
627,4,1,4
628,4,1,6
629,5,1,5
630,4,1,5
631,1,1,6
632,2,0,5
633,3,0,0
634,1,0,6
635,3,1,1
636,4,0,5
637,2,1,0
638,3,0,5
639,3,1,3
640,1,0,0
641,3,0,1
642,4,0,5
643,4,0,3
644,3,1,2
645,4,0,5
646,5,0,4
647,4,0,4
648,3,0,3
649,2,1,1
650,5,1,1
651,4,1,3
652,5,1,0
653,6,0,2
654,2,0,1
655,4,0,3
656,4,0,5
657,4,0,1
658,6,0,5
659,1,0,0
660,4,1,6
661,5,1,3
662,4,0,3
663,2,0,5
664,3,1,3
665,4,1,3
666,3,0,3
667,4,0,4
668,5,0,4
669,3,0,1
670,6,0,5
671,4,0,3
672,3,1,1
673,1,0,6
674,5,1,2
675,6,0,1
676,4,0,1
677,6,1,5
678,5,0,4
679,2,1,2
680,3,1,6
681,3,1,5
682,3,1,6
683,5,1,2
684,4,1,6
685,2,1,5
686,4,1,3
687,3,0,6
688,2,1,5
689,5,1,3
690,6,0,3
691,3,0,0
692,3,0,4
693,5,1,4
694,5,0,1
695,3,0,4
696,5,0,5
697,2,1,3
698,5,0,3
699,4,1,6
700,5,0,1
701,4,0,2
702,1,1,5
703,2,1,0
704,3,0,4
705,3,0,3
706,4,1,6
707,3,0,5
708,5,0,4
709,5,0,5
710,3,1,3
711,5,0,3
712,3,1,4
713,7,1,2
714,4,0,1
715,2,0,5
716,3,0,3
717,8,0,4
718,3,0,3
719,8,1,6
720,4,0,0
721,1,1,2
722,3,1,3
723,1,0,4
724,0,1,3
725,1,0,3
726,2,1,4
727,4,1,6
728,3,0,1
729,7,1,5
730,2,0,6
731,3,1,1
732,3,1,1
733,3,0,1
734,0,0,0
735,3,0,3
736,1,1,1
737,5,0,5
738,3,1,2
739,3,1,2
740,2,1,5
741,5,0,4
742,5,0,3
743,5,0,3
744,3,1,6
745,5,1,5
746,1,0,1
747,3,1,0
748,3,1,2
749,1,0,5
750,1,0,3
751,2,0,6
752,3,1,0
753,2,0,4
754,7,1,1
755,1,0,2
756,0,1,1
757,3,1,0
758,1,0,1
759,4,1,5
760,4,0,0
761,4,0,2
762,3,1,3
763,4,0,3
764,4,1,4
765,2,1,3
766,3,0,0
767,6,0,3
768,4,1,4
769,3,0,5
770,7,1,5
771,3,0,0
772,2,1,4
773,3,1,5
774,2,0,5
775,4,0,2
776,3,0,2
777,1,1,5
778,3,0,4
779,4,0,2
780,4,0,5
781,6,0,5
782,6,0,2
783,3,0,3
784,3,1,3
785,3,0,0
786,5,0,1
787,4,1,3
788,5,0,1
789,3,0,2
790,1,1,3
791,4,1,3
792,4,1,6
793,3,0,3
794,1,0,2
795,4,0,6
796,3,1,5
797,4,1,5
798,6,0,6
799,1,0,2
800,6,0,2
801,2,1,2
802,4,1,2
803,2,0,0
804,1,0,3
805,4,0,3
806,2,1,3
807,3,0,0
808,3,1,0
809,5,0,0
810,7,1,5
811,5,0,4
812,6,0,5
813,4,0,3
814,3,1,1
815,1,0,1
816,5,0,6
817,4,0,1
818,6,1,0
819,3,0,3
820,5,0,2
821,3,1,4
822,2,1,3
823,6,0,3
824,1,1,5
825,5,0,0
826,4,0,3
827,4,0,2
828,4,1,4
829,1,1,2
830,3,1,2
831,3,1,6
832,1,0,0
833,3,0,6
834,3,1,5
835,1,0,6
836,5,1,5
837,3,1,3
838,4,0,4
839,1,0,4
840,5,0,2
841,1,0,2
842,6,0,1
843,2,0,3
844,1,1,3
845,5,0,1
846,1,1,5
847,2,1,3
848,3,1,2
849,1,1,1
850,3,0,2
851,3,1,2
852,2,0,4
853,4,1,1
854,3,0,1
855,5,0,4
856,7,1,0
857,5,0,1
858,4,0,5
859,4,0,4
860,4,0,1
861,4,0,4
862,5,1,1
863,4,1,0
864,2,0,2
865,3,1,3
866,5,0,1
867,0,1,1
868,5,1,1
869,4,1,2
870,1,1,6
871,3,1,5
872,2,1,6
873,3,1,3
874,3,1,1
875,1,0,6
876,3,1,6
877,1,0,2
878,4,0,1
879,3,1,2
880,6,1,0
881,6,1,4
882,6,1,2
883,1,1,6
884,7,1,1
885,5,1,3
886,4,0,6
887,2,1,2
888,3,0,1
889,7,0,3
890,5,1,4
891,2,0,1
892,1,0,5
893,5,0,5
894,3,1,5
895,5,0,3
896,5,1,2
897,1,0,5
898,5,0,3
899,5,1,5
900,3,1,2
901,1,0,6
902,5,0,3
903,4,0,5
904,4,0,5
905,5,1,6
906,4,0,6
907,2,1,4
908,4,1,3
909,3,1,0
910,4,0,2
911,1,0,1
912,3,0,5
913,5,0,3
914,5,0,5
915,5,1,3
916,7,1,5
917,3,1,3
918,3,1,2
919,1,0,2
920,6,1,5
921,1,0,2
922,4,0,2
923,1,1,6
924,5,0,3
925,4,0,6
926,3,0,5
927,5,0,5
928,6,0,5
929,3,1,5
930,2,0,3
931,4,1,3
932,2,1,3
933,3,1,5
934,6,0,1
935,3,1,6
936,6,1,5
937,1,0,0
938,4,0,1
939,4,1,3
940,4,1,0
941,1,0,2
942,3,1,0
943,7,1,6
944,4,0,6
945,1,0,2
946,1,1,2
947,2,1,3
948,4,1,0
949,3,0,3
950,6,0,4
951,5,0,5
952,1,0,2
953,5,0,4
954,3,1,5
955,1,0,4
956,4,1,5
957,1,1,6
958,7,1,2
959,4,0,2
960,3,0,5
961,5,0,3
962,1,0,0
963,5,0,4
964,0,1,3
965,5,0,1
966,5,1,2
967,3,1,4
968,5,0,6
969,3,1,6
970,4,0,0
971,4,0,6
972,2,0,0
973,4,1,2
974,1,0,1
975,6,1,2
976,1,0,4
977,3,1,0
978,3,0,3
979,3,1,5
980,1,1,2
981,4,0,2
982,2,1,1
983,3,1,1
984,4,1,5
985,5,1,0
986,3,0,2
987,3,0,1
988,3,0,0
989,1,0,6
990,6,0,0
991,3,1,5
992,5,0,3
993,5,0,2
994,3,1,1
995,2,0,6
996,4,0,6
997,4,1,1
998,3,1,4
999,4,0,3
1000,5,0,2
1001,4,1,2
1002,4,1,5
1003,5,0,5
1004,6,0,0
1005,5,1,5
1006,4,1,2
1007,3,1,1
1008,0,1,0
1009,6,0,1
1010,5,1,0
1011,4,1,2
1012,3,0,0
1013,6,0,3
1014,7,1,0
1015,5,0,4
1016,7,1,3
1017,4,0,5
1018,4,0,5
1019,2,1,2
1020,3,1,0
1021,2,0,1
1022,4,1,5
1023,4,0,4
1024,4,0,2
1025,3,1,0
1026,1,0,6
1027,6,0,0
1028,3,0,2
1029,3,0,6
1030,2,0,4
1031,6,0,5
1032,5,0,3
1033,2,0,1
1034,3,0,4
1035,3,0,0
1036,2,1,3
1037,3,0,1
1038,4,1,6
1039,5,0,4
1040,4,1,4
1041,1,0,6
1042,6,1,5
1043,1,1,2
1044,3,0,1
1045,4,0,1
1046,8,0,1
1047,3,0,5
1048,3,0,3
1049,2,1,2
1050,3,1,3
1051,0,1,6
1052,1,1,5
1053,3,1,1
1054,3,1,1
1055,1,1,5
1056,3,0,6
1057,3,1,1
1058,8,1,2
1059,4,0,5
1060,5,0,0
1061,3,1,3
1062,3,1,5
1063,3,0,0
1064,3,1,6
1065,3,0,3
1066,4,1,1
1067,6,0,2
1068,3,0,6
1069,3,1,3
1070,6,0,2
1071,1,0,3
1072,3,1,4
1073,3,1,1
1074,5,0,5
1075,3,0,1
1076,5,0,3
1077,1,0,3
1078,4,1,2
1079,4,1,3
1080,5,0,2
1081,3,0,3
1082,4,1,6
1083,1,0,2
1084,2,1,2
1085,4,0,3
1086,5,0,4
1087,1,1,0
1088,3,0,5
1089,3,1,5
1090,2,0,5
1091,1,1,5
1092,2,1,1
1093,2,1,2
1094,1,1,1
1095,3,0,1
1096,3,0,3
1097,2,1,0
1098,1,0,3
1099,3,1,3
1100,3,0,5
1101,3,1,4
1102,1,1,1
1103,4,0,3
1104,4,0,0
1105,4,1,3
1106,4,1,3
1107,3,1,3
1108,0,1,3
1109,5,1,3
1110,3,1,6
1111,4,0,5
1112,1,0,2
1113,3,1,5
1114,4,1,5
1115,3,0,3
1116,0,1,0
1117,6,1,2
1118,1,0,5
1119,3,0,3
1120,3,1,6
1121,3,1,3
1122,4,0,3
1123,4,1,3
1124,2,1,0
1125,4,1,3
1126,4,1,0
1127,3,1,1
1128,3,0,2
1129,3,0,6
1130,3,1,3
1131,0,1,2
1132,4,0,3
1133,3,1,3
1134,3,1,5
1135,3,0,3
1136,7,0,3
1137,3,1,5
1138,5,1,0
1139,4,0,4
1140,4,1,0
1141,1,0,1
1142,7,0,0
1143,0,1,3
1144,3,1,1
1145,1,1,6
1146,1,0,1
1147,5,0,3
1148,1,0,2
1149,4,0,1
1150,1,1,3
1151,3,0,5
1152,6,0,2
1153,3,0,0
1154,3,0,4
1155,4,1,5
1156,4,0,3
1157,4,0,0
1158,1,1,5
1159,6,0,3
1160,6,0,3
1161,5,1,3
1162,2,0,2
1163,3,0,6
1164,6,0,2
1165,4,0,2
1166,3,0,0
1167,2,1,1
1168,1,1,2
1169,3,1,3
1170,7,0,3
1171,3,1,2
1172,5,0,3
1173,4,0,3
1174,4,0,0
1175,4,1,1
1176,0,0,0
1177,3,0,3
1178,6,0,5
1179,2,1,6
1180,2,0,1
1181,4,0,3
1182,2,1,5
1183,1,0,5
1184,2,1,6
1185,2,1,6
1186,2,0,2
1187,6,1,5
1188,4,0,3
1189,6,0,1
1190,2,0,6
1191,4,0,4
1192,1,0,1
1193,3,0,4
1194,7,0,3
1195,4,0,3
1196,1,0,3
1197,2,1,5
1198,4,1,2
1199,0,0,3
1200,1,0,2
1201,6,1,1
1202,5,0,3
1203,3,0,1
1204,3,1,6
1205,4,1,0
1206,7,0,4
1207,3,1,0
1208,0,0,1
1209,2,0,6
1210,3,0,0
1211,0,0,2
1212,3,1,0
1213,3,0,3
1214,1,0,6
1215,6,1,0
1216,5,0,3
1217,1,0,6
1218,1,0,1
1219,3,0,6
1220,3,1,6
1221,4,0,6
1222,3,0,6
1223,6,0,5
1224,6,1,5
1225,3,1,2
1226,1,0,1
1227,2,0,3
1228,8,1,1
1229,4,0,0
1230,3,1,0
1231,5,0,1
1232,3,0,5
1233,3,0,3
1234,4,0,4
1235,1,0,0
1236,4,0,4
1237,5,0,4
1238,4,1,0
1239,4,1,3
1240,2,1,6
1241,6,1,2
1242,2,1,1
1243,2,0,5
1244,5,1,0
1245,3,1,3
1246,3,0,2
1247,2,1,5
1248,6,1,5
1249,3,1,2
1250,2,0,1
1251,3,1,3
1252,7,0,5
1253,2,0,3
1254,5,0,3
1255,3,1,1
1256,2,1,1
1257,4,0,3
1258,4,1,2
1259,7,0,6
1260,1,1,1
1261,4,1,2
1262,5,1,1
1263,0,0,5
1264,3,1,6
1265,3,0,0
1266,2,0,2
1267,2,0,2
1268,1,0,3
1269,2,0,1
1270,5,0,5
1271,4,1,5
1272,5,1,4
1273,4,1,2
1274,3,0,6
1275,6,1,5
1276,4,1,5
1277,5,1,2
1278,2,0,5
1279,4,1,1
1280,3,0,3
1281,4,1,2
1282,4,1,1
1283,7,0,0
1284,4,1,5
1285,4,0,2
1286,6,0,6
1287,3,1,1
1288,4,0,4
1289,4,0,2
1290,4,0,5
1291,2,0,1
1292,4,1,5
1293,4,1,2
1294,5,0,5
1295,6,0,4
1296,3,1,0
1297,3,1,6
1298,3,1,6
1299,4,0,2
1300,3,1,3
1301,2,1,2
1302,0,1,1
1303,1,0,3
1304,3,1,5
1305,7,0,5
1306,4,0,1
1307,5,0,5
1308,5,0,5
1309,4,1,5
1310,6,1,5
1311,3,1,6
1312,4,1,1
1313,2,0,6
1314,1,0,2
1315,1,0,6
1316,3,1,2
1317,3,1,0
1318,2,1,5
1319,4,0,5
1320,2,0,5
1321,3,1,3
1322,6,0,1
1323,4,0,6
1324,3,0,6
1325,1,0,0
1326,3,1,5
1327,3,0,0
1328,3,0,2
1329,5,1,1
1330,4,1,3
1331,5,0,3
1332,3,1,1
1333,6,0,3
1334,3,0,5
1335,7,1,1
1336,3,0,3
1337,4,0,5
1338,2,1,5
1339,3,0,3
1340,3,1,3
1341,3,0,1
1342,3,1,3
1343,3,0,0
1344,6,0,3
1345,1,1,5
1346,6,0,3
1347,3,1,1
1348,6,0,6
1349,1,0,1
1350,4,0,0
1351,6,0,4
1352,3,1,0
1353,3,1,3
1354,4,0,1
1355,3,1,5
1356,1,0,0
1357,2,0,4
1358,4,1,4
1359,2,1,5
1360,4,0,4
1361,3,1,0
1362,3,1,4
1363,3,0,0
1364,3,0,4
1365,5,0,1
1366,1,0,4
1367,3,1,5
1368,4,0,5
1369,3,0,3
1370,3,1,3
1371,6,1,3
1372,5,0,2
1373,5,0,4
1374,6,1,3
1375,5,1,4
1376,1,1,2
1377,7,0,4
1378,3,1,5
1379,5,0,1
1380,5,1,3
1381,6,0,3
1382,4,0,3
1383,3,1,5
1384,3,0,4
1385,5,0,3
1386,5,1,2
1387,5,1,5
1388,3,1,0
1389,3,1,3
1390,7,0,3
1391,3,1,0
1392,3,1,3
1393,1,0,2
1394,5,1,1
1395,2,1,0
1396,5,0,0
1397,1,1,2
1398,4,1,5
1399,5,1,5
1400,3,0,5
1401,5,0,6
1402,6,0,4
1403,5,0,2
1404,3,0,5
1405,3,0,3
1406,5,0,5
1407,1,1,0
1408,2,0,1
1409,3,1,5
1410,1,1,1
1411,7,0,3
1412,5,1,5
1413,4,0,5
1414,2,1,5
1415,0,0,0
1416,5,0,3
1417,2,0,5
1418,4,0,0
1419,3,1,3
1420,5,1,0
1421,2,0,2
1422,5,0,2
1423,4,0,3
1424,2,0,2
1425,4,1,3
1426,6,1,3
1427,1,0,5
1428,0,0,3
1429,5,0,0
1430,3,1,2
1431,1,0,2
1432,3,1,6
1433,6,1,5
1434,3,1,4
1435,3,1,0
1436,2,1,1
1437,6,0,5
1438,3,1,0
1439,4,0,3
1440,8,0,6
1441,3,0,3
1442,3,1,6
1443,5,0,5
1444,4,0,3
1445,5,1,5
1446,1,0,6
1447,4,0,1
1448,2,0,1
1449,4,1,2
1450,6,1,6
1451,3,0,6
1452,4,0,1
1453,2,1,0
1454,1,0,2
1455,7,0,6
1456,2,0,0
1457,4,1,4
1458,7,1,5
1459,3,0,6
1460,4,0,1
1461,4,0,4
1462,5,0,3
1463,6,1,5
1464,4,1,5
1465,4,0,4
1466,3,0,2
1467,2,0,5
1468,2,0,3
1469,2,1,5
1470,2,1,5
1471,1,1,5
1472,4,0,0
1473,4,1,1
1474,3,1,0
1475,4,0,2
1476,5,1,2
1477,4,1,3
1478,5,1,2
1479,2,1,2
1480,4,1,2
1481,3,1,3
1482,2,1,4
1483,0,0,2
1484,0,1,2
1485,4,1,6
1486,4,0,2
1487,3,0,2
1488,3,1,1
1489,3,1,0
1490,4,0,3
1491,4,0,6
1492,6,1,6
1493,6,0,6
1494,3,0,4
1495,6,1,3
1496,4,1,6
1497,4,0,2
1498,2,1,5
1499,3,1,0
1500,3,1,6
1501,5,0,0
1502,6,1,5
1503,5,0,3
1504,4,0,3
1505,1,0,1
1506,1,0,5
1507,2,1,5
1508,1,0,1
1509,3,1,2
1510,5,1,2
1511,2,0,0
1512,4,1,1
1513,2,0,4
1514,3,1,3
1515,6,0,4
1516,0,1,0
1517,5,1,1
1518,6,0,2
1519,3,1,3
1520,4,0,0
1521,5,0,1
1522,4,0,0
1523,3,0,5
1524,3,0,3
1525,3,1,0
1526,3,0,6
1527,6,0,0
1528,2,0,2
1529,3,0,5
1530,2,1,1
1531,3,0,4
1532,5,1,3
1533,3,0,1
1534,1,0,1
1535,6,0,4
1536,5,1,5
1537,5,1,6
1538,6,1,2
1539,4,0,6
1540,3,0,4
1541,3,0,1
1542,3,1,4
1543,2,0,1
1544,1,0,2
1545,3,0,1
1546,3,0,1
1547,4,0,4
1548,4,0,5
1549,3,0,6
1550,4,0,5
1551,5,0,1
1552,2,0,1
1553,6,0,5
1554,2,1,0
1555,3,0,3
1556,4,1,3
1557,3,1,0
1558,6,0,1
1559,5,0,0
1560,2,1,0
1561,3,0,3
1562,3,1,3
1563,2,1,6
1564,2,1,1
1565,3,0,2
1566,4,0,1
1567,2,0,3
1568,5,0,1
1569,2,0,1
1570,2,1,3
1571,3,0,4
1572,1,0,5
1573,3,0,3
1574,5,0,3
1575,5,1,3
1576,4,0,6
1577,4,0,1
1578,4,0,3
1579,4,1,6
1580,3,0,0
1581,3,1,0
1582,1,0,6
1583,2,1,5
1584,5,1,3
1585,3,1,0
1586,5,1,3
1587,3,0,2
1588,3,1,5
1589,3,1,5
1590,5,0,2
1591,2,1,3
1592,2,0,1
1593,3,0,3
1594,6,1,4
1595,3,1,6
1596,5,1,6
1597,4,1,4
1598,1,0,6
1599,3,1,5
1600,2,0,0
1601,2,1,5
1602,3,1,2
1603,3,1,2
1604,7,1,1
1605,5,1,3
1606,1,0,5
1607,3,1,0
1608,4,0,6
1609,4,1,2
1610,2,0,4
1611,5,0,0
1612,3,1,4
1613,4,0,6
1614,3,0,3
1615,2,1,1
1616,0,0,0
1617,3,0,3
1618,1,1,3
1619,1,1,5
1620,3,1,3
1621,2,1,2
1622,2,1,5
1623,4,0,3
1624,3,1,4
1625,1,0,5
1626,1,1,1
1627,4,0,1
1628,1,0,4
1629,1,1,5
1630,4,0,5
1631,2,1,2
1632,3,1,2
1633,4,0,6
1634,1,1,0
1635,4,0,0
1636,4,0,4
1637,3,1,2
1638,4,1,2
1639,2,1,5
1640,1,0,4
1641,3,0,2
1642,1,1,1
1643,5,0,4
1644,3,1,1
1645,1,1,0
1646,0,0,1
1647,6,0,4
1648,1,1,6
1649,4,1,2
1650,3,0,0
1651,0,1,3
1652,3,0,6
1653,5,1,6
1654,2,1,5
1655,2,1,4
1656,0,1,5
1657,1,0,4
1658,4,0,3
1659,7,0,1
1660,4,1,1
1661,4,0,5
1662,2,0,1
1663,1,1,2
1664,3,1,3
1665,1,1,2
1666,3,1,3
1667,3,1,6
1668,5,0,1
1669,6,0,1
1670,3,1,6
1671,6,0,2
1672,1,0,6
1673,4,1,2
1674,0,0,0
1675,6,0,1
1676,3,1,4
1677,2,0,4
1678,2,1,1
1679,1,0,1
1680,7,0,3
1681,2,1,0
1682,1,0,1
1683,4,0,1
1684,4,0,3
1685,5,0,4
1686,3,1,4
1687,1,1,3
1688,4,0,4
1689,4,1,0
1690,4,0,5
1691,2,0,3
1692,3,1,4
1693,3,1,1
1694,2,1,2
1695,2,0,6
1696,3,1,3
1697,3,0,5
1698,4,0,1
1699,3,0,1
1700,2,1,6
1701,4,0,0
1702,4,0,4
1703,3,1,5
1704,1,0,1
1705,1,0,0
1706,3,1,0
1707,5,1,5
1708,0,0,3
1709,4,1,4
1710,3,0,0
1711,4,0,6
1712,6,1,1
1713,5,0,5
1714,4,1,3
1715,3,1,0
1716,1,0,0
1717,3,0,2
1718,1,1,5
1719,1,0,2
1720,3,0,3
1721,2,0,3
1722,1,1,4
1723,3,0,6
1724,5,0,4
1725,3,0,6
1726,5,0,4
1727,3,0,4
1728,3,0,3
1729,4,1,0
1730,3,1,1
1731,3,1,1
1732,2,0,2
1733,3,1,2
1734,4,1,1
1735,4,0,0
1736,1,1,0
1737,2,0,4
1738,7,1,5
1739,4,0,0
1740,4,1,1
1741,3,1,0
1742,4,0,1
1743,2,1,1
1744,5,0,5
1745,4,1,2
1746,7,1,3
1747,6,0,4
1748,3,0,6
1749,3,1,4
1750,4,0,6
1751,4,0,0
1752,2,1,6
1753,1,1,3
1754,4,1,6
1755,4,1,2
1756,1,0,3
1757,3,1,1
1758,4,1,4
1759,2,1,5
1760,7,0,3
1761,3,1,0
1762,2,0,5
1763,1,0,5
1764,3,1,4
1765,1,0,1
1766,3,0,6
1767,3,1,6
1768,2,0,2
1769,3,0,5
1770,6,0,1
1771,3,1,6
1772,3,1,1
1773,3,0,5
1774,3,0,3
1775,4,1,3
1776,4,0,4
1777,2,1,2
1778,3,1,3
1779,1,0,6
1780,5,1,2
1781,1,1,6
1782,1,1,2
1783,4,1,5
1784,5,0,2
1785,6,0,3
1786,4,0,6
1787,3,1,2
1788,3,0,4
1789,4,0,5
1790,3,0,0
1791,4,0,5
1792,4,0,1
1793,5,1,1
1794,2,0,4
1795,6,1,2
1796,6,0,5
1797,7,0,0
1798,7,1,6
1799,3,1,5
1800,5,0,2
1801,2,1,1
1802,2,1,3
1803,3,0,5
1804,6,1,3
1805,5,1,2
1806,5,0,0
1807,3,0,6
1808,4,1,2
1809,5,1,4
1810,2,0,4
1811,2,1,2
1812,4,1,5
1813,1,0,3
1814,4,1,1
1815,3,1,1
1816,2,0,6
1817,4,1,3
1818,0,0,0
1819,4,0,3
1820,3,1,2
1821,6,1,3
1822,2,0,0
1823,4,0,3
1824,3,1,0
1825,4,0,1
1826,3,1,0
1827,1,0,4
1828,1,1,6
1829,2,1,6
1830,4,1,2
1831,6,0,4
1832,3,0,3
1833,3,1,4
1834,4,0,2
1835,2,1,3
1836,5,0,3
1837,2,0,3
1838,6,0,4
1839,4,0,3
1840,3,1,5
1841,4,0,4
1842,3,1,4
1843,5,0,2
1844,3,1,5
1845,2,0,5
1846,3,1,2
1847,2,1,5
1848,4,1,3
1849,1,0,3
1850,7,0,4
1851,3,1,3
1852,1,1,2
1853,4,1,2
1854,7,0,0
1855,2,1,5
1856,1,0,2
1857,1,1,5
1858,7,0,6
1859,3,1,0
1860,3,0,3
1861,3,1,2
1862,4,1,1
1863,6,0,5
1864,2,0,3
1865,4,1,1
1866,4,1,2
1867,1,1,6
1868,3,1,6
1869,1,1,2
1870,8,0,0
1871,5,0,2
1872,3,1,3
1873,3,0,4
1874,6,0,4
1875,4,1,5
1876,5,1,6
1877,5,0,3
1878,5,0,3
1879,1,1,0
1880,5,1,3
1881,5,1,4
1882,5,0,5
1883,1,0,1
1884,2,1,2
1885,3,1,1
1886,5,0,2
1887,6,1,5
1888,4,0,3
1889,3,0,2
1890,1,0,0
1891,3,1,4
1892,1,1,3
1893,5,1,3
1894,0,0,4
1895,5,1,5
1896,0,0,2
1897,1,0,1
1898,5,0,2
1899,3,1,3
1900,3,1,0
1901,6,0,3
1902,5,1,0
1903,4,1,3
1904,3,1,4
1905,5,0,4
1906,2,1,6
1907,1,0,5
1908,4,1,0
1909,3,1,0
1910,6,0,2
1911,6,0,4
1912,1,0,2
1913,3,0,5
1914,4,0,5
1915,1,1,5
1916,3,0,6
1917,3,0,3
1918,4,1,6
1919,6,0,1
1920,3,1,1
1921,4,1,4
1922,5,0,5
1923,1,1,5
1924,7,1,5
1925,0,0,2
1926,5,0,0
1927,3,0,5
1928,5,1,6
1929,5,0,2
1930,1,1,2
1931,4,1,0
1932,4,1,0
1933,5,1,6
1934,3,1,0
1935,3,1,2
1936,4,0,3
1937,3,0,3
1938,1,0,5
1939,1,0,2
1940,3,1,0
1941,5,1,1
1942,2,1,2
1943,1,0,5
1944,4,1,2
1945,8,1,6
1946,6,0,1
1947,3,0,6
1948,6,1,4
1949,2,0,5
1950,3,1,0
1951,3,1,1
1952,8,1,6
1953,3,0,4
1954,3,1,3
1955,3,1,3
1956,3,1,0
1957,5,1,6
1958,1,0,5
1959,0,1,5
1960,4,1,6
1961,2,0,2
1962,6,1,1
1963,3,0,2
1964,3,0,2
1965,3,0,0
1966,3,1,3
1967,3,1,0
1968,5,1,6
1969,4,1,4
1970,6,0,5
1971,1,0,6
1972,5,0,2
1973,3,0,3
1974,3,0,4
1975,3,0,0
1976,7,0,1
1977,6,1,3
1978,3,1,5
1979,4,1,3
1980,3,1,2
1981,4,0,2
1982,4,0,6
1983,3,1,1
1984,1,0,4
1985,4,0,2
1986,2,1,2
1987,6,1,3
1988,3,0,3
1989,6,0,3
1990,5,0,1
1991,1,0,5
1992,3,1,0
1993,7,0,3
1994,7,0,0
1995,1,1,3
1996,4,0,3
1997,3,1,0
1998,3,1,3
1999,4,0,4
2000,4,0,1
2001,1,1,5
2002,4,0,2
2003,1,1,3
2004,7,0,5
2005,3,1,3
2006,2,0,4
2007,5,0,4
2008,2,0,0
2009,1,0,6
2010,3,1,5
2011,4,0,3
2012,5,0,6
2013,4,0,4
2014,2,0,0
2015,7,0,3
2016,4,0,1
2017,5,1,1
2018,1,1,1
2019,3,0,3
2020,3,0,6
2021,4,1,2
2022,3,0,5
2023,3,0,3
2024,5,0,1
2025,4,0,3
2026,3,1,3
2027,3,1,5
2028,3,1,6
2029,1,1,6
2030,4,0,3
2031,8,1,6
2032,5,1,3
2033,4,1,5
2034,4,0,3
2035,5,1,2
2036,5,1,4
2037,1,1,2
2038,3,0,1
2039,5,0,1
2040,3,0,3
2041,1,0,0
2042,3,0,6
2043,4,1,3
2044,4,1,2
2045,5,1,5
2046,3,0,6
2047,4,1,3
2048,3,0,6
2049,5,1,2
2050,4,0,5
2051,3,0,2
2052,3,0,6
2053,4,0,4
2054,5,0,5
2055,6,0,6
2056,6,1,3
2057,3,0,5
2058,1,1,3
2059,5,1,1
2060,2,1,0
2061,4,1,1
2062,3,0,0
2063,6,0,4
2064,4,1,3
2065,3,1,3
2066,6,0,3
2067,2,1,6
2068,6,1,6
2069,4,0,4
2070,6,0,1
2071,0,1,5
2072,3,1,3
2073,7,0,2
2074,7,0,5
2075,8,0,6
2076,3,1,0
2077,3,0,1
2078,2,1,6
2079,2,1,5
2080,3,0,5
2081,4,0,1
2082,7,1,1
2083,4,1,5
2084,6,0,3
2085,5,0,1
2086,1,0,2
2087,4,1,5
2088,4,0,1
2089,5,1,1
2090,3,1,5
2091,3,1,3
2092,5,0,1
2093,3,0,0
2094,4,1,3
2095,3,0,2
2096,2,0,3
2097,1,0,1
2098,6,0,3
2099,3,0,1
2100,6,0,4
2101,2,0,2
2102,5,1,5
2103,3,1,3
2104,5,0,4
2105,3,1,3
2106,5,0,4
2107,2,1,5
2108,3,1,0
2109,5,0,6
2110,1,0,2
2111,0,0,0
2112,3,1,1
2113,0,1,0
2114,4,1,4
2115,6,0,5
2116,6,0,5
2117,5,1,1
2118,5,1,5
2119,4,0,5
2120,7,1,6
2121,2,1,1
2122,3,1,3
2123,3,1,2
2124,1,1,1
2125,3,0,3
2126,1,0,6
2127,3,0,2
2128,6,1,1
2129,5,0,5
2130,3,1,3
2131,7,0,5
2132,4,0,5
2133,1,1,6
2134,3,1,6
2135,1,0,2
2136,4,1,3
2137,4,1,1
2138,3,1,3
2139,2,0,2
2140,3,1,5
2141,4,0,4
2142,5,1,6
2143,3,0,3
2144,4,0,2
2145,4,0,2
2146,3,1,3
2147,4,0,0
2148,2,1,1
2149,4,0,3
2150,1,0,2
2151,3,1,5
2152,3,1,3
2153,4,1,5
2154,7,1,1
2155,2,1,3
2156,7,0,6
2157,2,0,2
2158,7,1,1
2159,4,0,4
2160,3,1,3
2161,2,0,6
2162,1,0,0
2163,3,0,1
2164,6,1,0
2165,2,1,1
2166,4,0,4
2167,2,1,6
2168,2,0,0
2169,4,1,1
2170,1,1,4
2171,3,1,6
2172,4,1,3
2173,3,1,5
2174,4,1,0
2175,4,0,6
2176,5,1,6
2177,4,0,1
2178,7,0,6
2179,2,1,4
2180,3,0,0
2181,3,1,6
2182,3,0,4
2183,3,1,3
2184,3,1,0
2185,3,0,6
2186,5,0,3
2187,4,0,4
2188,4,1,3
2189,1,1,0
2190,4,0,5
2191,1,1,3
2192,3,0,3
2193,1,0,6
2194,3,1,2
2195,4,0,4
2196,2,1,2
2197,1,0,3
2198,1,0,0
2199,2,0,4
2200,3,0,1
2201,4,1,2
2202,3,0,1
2203,3,0,1
2204,5,0,2
2205,3,1,3
2206,6,0,3
2207,5,0,6
2208,1,0,1
2209,4,0,4
2210,3,1,6
2211,7,0,5
2212,4,0,6
2213,5,0,4
2214,3,1,5
2215,4,0,6
2216,3,0,3
2217,3,1,1
2218,1,1,3
2219,3,0,0
2220,4,1,3
2221,4,1,1
2222,1,0,0
2223,4,0,0
2224,4,1,2
2225,4,1,2
2226,4,1,0
2227,4,1,3
2228,5,1,2
2229,3,1,2
2230,4,0,2
2231,1,1,0
2232,2,1,4
2233,4,1,2
2234,1,0,4
2235,5,1,3
2236,7,0,3
2237,3,0,2
2238,1,0,0
2239,1,1,3
2240,4,1,1
2241,5,1,2
2242,3,1,6
2243,3,0,1
2244,5,1,5
2245,2,1,3
2246,3,1,2
2247,4,1,2
2248,3,0,0
2249,5,0,1
2250,1,0,6
2251,7,0,6
2252,3,1,6
2253,7,0,4
2254,6,0,4
2255,1,1,0
2256,3,1,5
2257,4,1,6
2258,4,1,3
2259,1,0,5
2260,3,1,2
2261,1,0,3
2262,4,1,3
2263,3,1,5
2264,1,1,5
2265,2,1,3
2266,5,0,1
2267,2,1,1
2268,8,1,3
2269,2,1,3
2270,4,0,0
2271,3,0,3
2272,5,0,5
2273,3,1,5
2274,4,0,4
2275,3,1,3
2276,3,1,5
2277,5,1,3
2278,1,0,1
2279,3,1,2
2280,5,0,4
2281,3,1,6
2282,3,0,2
2283,3,0,0
2284,4,0,1
2285,5,1,5
2286,3,1,4
2287,5,0,5
2288,0,0,5
2289,3,1,3
2290,1,1,6
2291,3,0,0
2292,5,1,1
2293,3,1,0
2294,4,0,6
2295,3,0,5
2296,3,0,6
2297,4,0,5
2298,0,0,3
2299,4,0,3
2300,4,0,3
2301,4,1,5
2302,3,0,6
2303,5,1,2
2304,5,1,5
2305,5,0,1
2306,6,0,4
2307,3,1,3
2308,1,0,0
2309,4,1,5
2310,5,0,5
2311,3,1,6
2312,4,0,5
2313,1,1,1
2314,6,1,4
2315,5,1,4
2316,3,0,2
2317,3,0,2
2318,4,0,3
2319,1,0,1
2320,6,1,5
2321,3,1,0
2322,0,0,5
2323,4,1,5
2324,3,1,5
2325,5,0,3
2326,2,0,2
2327,2,0,0
2328,1,0,2
2329,3,0,1
2330,1,1,0
2331,7,1,4
2332,3,0,0
2333,3,1,3
2334,2,1,4
2335,3,1,0
2336,4,1,3
2337,3,0,5
2338,4,0,5
2339,2,1,3
2340,3,1,1
2341,0,1,2
2342,7,0,3
2343,3,0,0
2344,3,1,1
2345,3,1,5
2346,4,0,5
2347,1,0,1
2348,1,0,1
2349,0,0,0
2350,3,0,6
2351,6,0,0
2352,6,1,5
2353,6,0,4
2354,1,1,2
2355,5,1,2
2356,1,0,2
2357,2,1,1
2358,4,1,1
2359,3,1,6
2360,5,0,1
2361,4,0,5
2362,3,0,3
2363,3,1,3
2364,6,1,1
2365,4,1,2
2366,4,0,0
2367,6,0,3
2368,3,0,4
2369,3,1,3
2370,5,0,1
2371,4,0,2
2372,3,1,6
2373,4,1,0
2374,1,0,0
2375,1,1,2
2376,5,1,4
2377,5,0,2
2378,3,1,5
2379,3,1,3
2380,2,0,6
2381,4,0,0
2382,2,1,2
2383,5,0,0
2384,3,1,5
2385,1,0,2
2386,3,1,5
2387,3,1,3
2388,3,1,3
2389,3,0,1
2390,6,1,3
2391,4,1,2
2392,2,0,5
2393,0,0,0
2394,4,0,1
2395,3,1,0
2396,4,1,6
2397,2,0,3
2398,2,0,0
2399,4,0,3
2400,1,1,0
2401,5,0,5
2402,4,0,6
2403,3,1,5
2404,3,1,1
2405,1,1,0
2406,1,1,1
2407,2,1,5
2408,1,1,3
2409,3,1,1
2410,7,0,4
2411,3,1,2
2412,5,1,0
2413,7,0,1
2414,3,1,4
2415,4,0,5
2416,4,1,5
2417,1,0,2
2418,4,0,4
2419,1,1,2
2420,6,0,2
2421,3,1,4
2422,6,1,0
2423,5,1,3
2424,2,1,6
2425,5,1,3
2426,4,1,0
2427,4,1,3
2428,3,1,0
2429,1,1,2
2430,5,0,2
2431,6,0,5
2432,7,1,0
2433,1,0,6
2434,1,1,6
2435,2,1,0
2436,4,1,5
2437,3,0,1
2438,6,1,6
2439,0,0,4
2440,4,1,3
2441,4,1,4
2442,6,0,3
2443,4,0,1
2444,5,0,5
2445,1,0,6
2446,1,0,1
2447,3,1,5
2448,6,0,3
2449,3,1,5
2450,6,0,4
2451,2,0,6
2452,3,1,4
2453,3,1,2
2454,7,1,3
2455,4,0,2
2456,4,1,0
2457,3,0,6
2458,4,0,2
2459,5,1,3
2460,5,0,5
2461,3,1,3
2462,3,1,1
2463,3,1,0
2464,4,1,1
2465,2,0,5
2466,4,1,2
2467,3,1,2
2468,3,0,5
2469,4,0,4
2470,3,1,1
2471,3,0,6
2472,3,1,5
2473,3,0,6
2474,2,1,4
2475,7,1,5
2476,3,0,2
2477,7,1,2
2478,1,1,1
2479,2,0,1
2480,3,1,0
2481,6,0,0
2482,5,1,1
2483,2,1,2
2484,3,1,0
2485,3,0,4
2486,4,0,2
2487,7,0,4
2488,2,0,1
2489,4,0,3
2490,4,0,2
2491,1,0,2
2492,1,0,2
2493,3,1,2
2494,2,1,3
2495,5,0,5
2496,4,0,3
2497,4,0,1
2498,4,1,4
2499,4,0,3
2500,4,1,0
2501,4,1,3
2502,2,0,6
2503,4,1,6
2504,5,1,2
2505,2,0,5
2506,1,0,5
2507,6,0,5
2508,6,0,5
2509,1,0,3
2510,3,1,6
2511,1,1,5
2512,1,1,3
2513,4,1,1
2514,3,1,6
2515,3,1,3
2516,3,1,5
2517,3,0,1
2518,2,1,4
2519,6,0,6
2520,6,0,1
2521,4,0,5
2522,4,1,5
2523,4,1,5
2524,0,0,2
2525,3,0,5
2526,3,1,3
2527,3,1,0
2528,4,1,1
2529,3,1,3
2530,3,0,1
2531,4,1,3
2532,6,0,3
2533,3,1,2
2534,5,0,1
2535,6,0,4
2536,6,0,1
2537,1,1,3
2538,5,0,0
2539,6,1,1
2540,0,0,6
2541,1,1,5
2542,5,0,5
2543,3,1,3
2544,5,0,5
2545,3,0,3
2546,3,0,2
2547,1,1,3
2548,4,1,5
2549,2,1,2
2550,6,0,5
2551,4,1,2
2552,3,0,1
2553,3,1,0
2554,3,1,4
2555,4,1,1
2556,7,1,3
2557,3,0,1
2558,3,0,3
2559,3,0,6
2560,2,1,1
2561,7,0,4
2562,2,1,5
2563,4,0,5
2564,4,0,0
2565,1,0,5
2566,3,1,5
2567,2,0,2
2568,1,1,6
2569,2,1,5
2570,1,0,6
2571,1,1,2
2572,5,0,5
2573,2,0,4
2574,2,0,5
2575,1,1,2
2576,3,1,0
2577,3,0,2
2578,6,1,5
2579,3,1,0
2580,7,0,6
2581,1,1,1
2582,3,0,2
2583,3,0,5
2584,1,1,6
2585,3,1,6
2586,5,0,1
2587,3,1,0
2588,1,1,2
2589,7,1,1
2590,4,1,4
2591,4,0,3
2592,5,0,0
2593,4,0,6
2594,5,1,6
2595,6,1,3
2596,0,0,0
2597,5,0,1
2598,3,1,0
2599,3,0,0
2600,6,1,3
2601,5,1,1
2602,4,0,3
2603,3,0,1
2604,5,1,2
2605,6,1,5
2606,4,0,6
2607,3,0,4
2608,1,0,6
2609,6,0,1
2610,2,1,3
2611,0,0,6
2612,3,1,5
2613,7,0,4
2614,0,1,6
2615,3,0,3
2616,4,1,2
2617,3,1,4
2618,6,1,2
2619,4,1,1
2620,3,1,3
2621,5,1,2
2622,2,0,1
2623,4,1,3
2624,3,0,0
2625,1,0,5
2626,4,0,6
2627,3,1,0
2628,3,0,3
2629,3,1,3
2630,1,1,1
2631,2,0,4
2632,1,1,3
2633,1,0,5
2634,2,1,4
2635,4,1,5
2636,8,1,3
2637,1,0,0
2638,4,0,3
2639,3,1,3
2640,4,0,1
2641,4,0,5
2642,3,1,5
2643,3,0,3
2644,5,0,4
2645,1,0,3
2646,1,1,0
2647,3,0,1
2648,4,1,2
2649,3,1,3
2650,2,1,0
2651,3,1,2
2652,3,1,5
2653,1,0,0
2654,3,0,3
2655,2,1,6
2656,5,0,3
2657,1,1,5
2658,6,1,2
2659,4,1,1
2660,3,0,2
2661,2,0,2
2662,0,0,1
2663,1,1,0
2664,2,1,3
2665,4,1,5
2666,2,0,5
2667,3,1,0
2668,4,1,3
2669,3,0,3
2670,2,0,3
2671,3,0,0
2672,1,0,0
2673,2,1,3
2674,2,1,2
2675,5,0,4
2676,2,1,3
2677,4,0,2
2678,1,1,3
2679,6,0,5
2680,1,0,2
2681,3,0,5
2682,5,0,1
2683,4,1,0
2684,4,0,2
2685,4,0,3
2686,2,1,5
2687,3,1,5
2688,4,0,3
2689,2,1,1
2690,6,0,1
2691,1,1,3
2692,4,0,4
2693,4,0,5
2694,1,1,0
2695,6,0,4
2696,4,1,1
2697,5,0,2
2698,3,0,5
2699,3,1,3
2700,4,0,2
2701,3,1,5
2702,1,1,2
2703,1,0,2
2704,3,0,3
2705,5,0,0
2706,2,1,1
2707,5,1,0
2708,6,0,6
2709,1,1,6
2710,4,1,6
2711,5,1,5
2712,6,1,1
2713,3,1,1
2714,1,0,1
2715,7,0,3
2716,6,1,5
2717,2,1,2
2718,5,1,2
2719,4,0,5
2720,6,1,2
2721,3,1,4
2722,2,1,6
2723,1,1,0
2724,4,0,4
2725,3,1,0
2726,4,1,2
2727,4,1,2
2728,5,1,3
2729,1,0,3
2730,4,1,0
2731,1,1,6
2732,5,1,5
2733,4,0,5
2734,3,0,2
2735,3,0,6
2736,4,0,0
2737,0,1,4
2738,1,1,3
2739,8,0,6
2740,3,1,3
2741,5,1,4
2742,3,1,3
2743,5,0,3
2744,4,0,0
2745,1,0,6
2746,3,1,5
2747,7,1,6
2748,3,1,0
2749,3,0,2
2750,3,0,2
2751,2,1,0
2752,4,0,1
2753,7,0,2
2754,3,0,0
2755,5,0,5
2756,2,0,1
2757,6,0,4
2758,3,1,2
2759,2,1,1
2760,5,0,1
2761,3,0,5
2762,3,1,2
2763,3,0,2
2764,1,0,6
2765,3,1,4
2766,2,1,4
2767,4,0,5
2768,3,0,4
2769,1,0,3
2770,3,1,0
2771,5,0,3
2772,5,0,2
2773,5,1,3
2774,3,1,1
2775,4,0,3
2776,3,1,0
2777,3,1,5
2778,4,0,4
2779,7,0,4
2780,4,1,5
2781,2,0,1
2782,5,1,2
2783,3,1,5
2784,3,1,2
2785,3,1,1
2786,2,0,3
2787,4,0,2
2788,2,1,1
2789,2,1,3
2790,1,0,1
2791,5,0,4
2792,4,0,3
2793,4,1,3
2794,3,0,0
2795,4,0,3
2796,3,1,1
2797,5,0,5
2798,3,1,0
2799,5,1,4
2800,1,0,6
2801,3,1,6
2802,2,1,2
2803,3,1,0
2804,1,0,1
2805,1,0,4
2806,3,1,4
2807,5,1,6
2808,5,0,5
2809,0,1,3
2810,1,0,4
2811,3,1,0
2812,4,0,1
2813,4,0,2
2814,3,1,2
2815,5,1,2
2816,5,0,2
2817,5,0,4
2818,7,0,4
2819,2,1,5
2820,4,0,5
2821,5,1,3
2822,3,0,1
2823,3,0,1
2824,3,1,5
2825,3,0,3
2826,2,1,0
2827,6,1,0
2828,0,0,0
2829,5,0,2
2830,6,1,1
2831,4,0,6
2832,6,1,3
2833,3,0,1
2834,4,1,5
2835,3,1,6
2836,4,0,0
2837,3,0,3
2838,3,0,1
2839,3,1,0
2840,3,1,5
2841,4,0,4
2842,3,0,0
2843,5,1,5
2844,4,0,2
2845,7,0,3
2846,6,0,4
2847,5,1,1
2848,4,0,4
2849,3,1,3
2850,4,0,6
2851,1,0,1
2852,3,1,0
2853,1,0,3
2854,3,0,3
2855,3,0,3
2856,6,1,6
2857,3,0,1
2858,3,0,5
2859,2,1,3
2860,6,0,2
2861,6,1,3
2862,3,0,2
2863,2,1,1
2864,4,0,0
2865,5,1,5
2866,3,1,5
2867,7,0,1
2868,3,1,0
2869,6,1,4
2870,3,0,0
2871,5,0,4
2872,3,1,1
2873,3,1,3
2874,0,0,0
2875,4,1,3
2876,2,1,5
2877,2,1,1
2878,7,0,1
2879,3,0,0
2880,6,0,5
2881,3,0,6
2882,3,1,6
2883,3,1,3
2884,4,0,4
2885,3,0,1
2886,0,0,4
2887,1,0,5
2888,2,0,0
2889,1,0,5
2890,3,1,3
2891,4,1,1
2892,4,1,3
2893,3,1,2
2894,4,0,3
2895,5,0,0
2896,6,0,5
2897,2,1,2
2898,4,1,6
2899,6,0,1
2900,3,1,3
2901,3,1,2
2902,4,1,4
2903,3,0,6
2904,6,0,3
2905,3,1,4
2906,2,0,6
2907,4,1,1
2908,1,0,2
2909,3,1,5
2910,7,0,3
2911,4,1,0
2912,0,1,2
2913,3,1,5
2914,2,1,0
2915,4,1,1
2916,1,0,1
2917,1,0,6
2918,1,0,2
2919,6,0,4
2920,1,1,2
2921,0,0,4
2922,0,1,5
2923,3,1,0
2924,3,0,2
2925,3,0,3
2926,1,0,5
2927,4,0,1
2928,5,0,2
2929,3,1,1
2930,3,1,0
2931,4,1,6
2932,3,0,3
2933,3,1,3
2934,3,1,0
2935,2,1,0
2936,2,0,4
2937,4,1,0
2938,2,1,1
2939,5,0,5
2940,4,1,3
2941,3,1,0
2942,2,1,3
2943,4,0,6
2944,1,0,3
2945,4,0,0
2946,5,1,3
2947,3,0,1
2948,6,1,5
2949,4,0,0
2950,5,0,4
2951,4,0,4
2952,3,1,4
2953,1,1,0
2954,4,1,5
2955,5,0,1
2956,1,1,5
2957,5,1,0
2958,4,0,6
2959,1,0,2
2960,5,1,4
2961,4,1,2
2962,6,1,6
2963,4,0,4
2964,1,1,3
2965,5,0,0
2966,2,1,3
2967,3,0,1
2968,5,0,2
2969,2,0,1
2970,5,0,3
2971,3,1,1
2972,2,1,1
2973,4,1,1
2974,1,0,1
2975,1,1,1
2976,5,0,3
2977,3,0,3
2978,5,1,5
2979,4,1,6
2980,3,1,5
2981,6,0,3
2982,2,1,6
2983,1,0,0
2984,6,0,4
2985,1,0,4
2986,4,0,6
2987,4,1,4
2988,4,0,3
2989,4,1,5
2990,4,1,1
2991,1,0,6
2992,4,1,4
2993,4,0,1
2994,4,1,5
2995,1,1,3
2996,5,0,1
2997,4,0,5
2998,5,1,1
2999,1,1,3
3000,7,0,0
3001,5,0,5
3002,4,0,6
3003,0,0,4
3004,3,1,3
3005,1,1,6
3006,2,1,4
3007,4,1,1
3008,3,1,1
3009,4,0,4
3010,2,1,6
3011,2,1,3
3012,1,0,5
3013,5,1,3
3014,4,0,5
3015,2,1,5
3016,4,0,1
3017,0,1,0
3018,3,1,2
3019,3,1,5
3020,2,1,2
3021,4,0,3
3022,2,0,5
3023,3,1,3
3024,3,1,2
3025,1,0,1
3026,4,1,0
3027,4,0,4
3028,4,0,5
3029,4,1,1
3030,0,0,5
3031,3,1,0
3032,3,1,5
3033,1,0,0
3034,2,0,0
3035,3,1,3
3036,1,1,3
3037,4,1,2
3038,1,0,6
3039,3,0,4
3040,6,0,2
3041,3,0,2
3042,4,0,4
3043,3,0,0
3044,7,1,1
3045,2,1,0
3046,6,0,3
3047,6,0,3
3048,4,1,5
3049,3,0,3
3050,3,1,3
3051,5,1,4
3052,2,0,0
3053,4,0,1
3054,1,0,1
3055,3,0,4
3056,4,1,5
3057,4,1,3
3058,1,1,0
3059,4,0,4
3060,4,1,4
3061,3,0,6
3062,3,1,3
3063,2,0,0
3064,4,1,5
3065,5,0,1
3066,8,0,6
3067,4,1,1
3068,2,1,3
3069,3,1,6
3070,3,1,3
3071,5,0,4
3072,4,1,5
3073,4,1,6
3074,4,0,3
3075,6,0,5
3076,1,0,3
3077,3,1,3
3078,3,0,3
3079,3,1,0
3080,3,0,5
3081,3,1,0
3082,1,0,0
3083,1,0,0
3084,4,1,6
3085,4,0,1
3086,5,1,0
3087,4,0,5
3088,3,1,3
3089,1,1,5
3090,4,1,3
3091,3,1,0
3092,5,0,5
3093,6,1,1
3094,4,1,6
3095,5,0,0
3096,3,1,0
3097,1,1,2
3098,3,1,3
3099,3,1,2
3100,4,1,1
3101,3,0,4
3102,4,1,2
3103,6,0,6
3104,4,1,5
3105,4,0,5
3106,3,1,2
3107,2,1,5
3108,2,0,5
3109,4,1,3
3110,3,0,4
3111,3,1,1
3112,7,0,3
3113,4,1,6
3114,5,1,1
3115,3,1,3
3116,7,0,4
3117,3,1,6
3118,5,0,5
3119,4,1,1
3120,1,1,5
3121,3,1,4
3122,2,1,5
3123,2,0,3
3124,4,1,3
3125,4,0,2
3126,6,1,2
3127,0,1,2
3128,2,0,3
3129,4,0,5
3130,1,0,6
3131,5,0,2
3132,1,0,5
3133,4,1,1
3134,7,0,4
3135,6,0,3
3136,3,0,0
3137,1,0,4
3138,1,1,2
3139,4,0,5
3140,1,0,1
3141,4,0,6
3142,4,0,0
3143,3,0,0
3144,5,1,0
3145,4,0,3
3146,1,0,6
3147,4,0,5
3148,1,0,3
3149,2,1,5
3150,3,1,0
3151,1,1,0
3152,5,0,3
3153,1,1,5
3154,5,0,4
3155,7,1,3
3156,2,0,1
3157,4,0,0
3158,7,1,3
3159,3,0,0
3160,4,0,1
3161,3,0,3
3162,2,1,1
3163,2,1,2
3164,4,0,6
3165,2,1,5
3166,3,0,4
3167,3,0,2
3168,3,1,2
3169,2,0,5
3170,1,0,2
3171,4,0,4
3172,3,1,5
3173,6,1,2
3174,5,0,1
3175,0,0,3
3176,4,1,3
3177,1,0,2
3178,2,0,5
3179,5,1,2
3180,5,0,0
3181,1,0,3
3182,3,1,1
3183,1,1,1
3184,4,0,1
3185,4,0,1
3186,3,1,5
3187,3,0,0
3188,1,0,2
3189,4,1,1
3190,3,1,0
3191,4,0,3
3192,5,0,3
3193,1,0,6
3194,3,0,2
3195,4,1,6
3196,2,0,6
3197,4,1,2
3198,0,1,2
3199,5,0,5
3200,4,0,5
3201,5,0,4
3202,4,0,0
3203,4,0,5
3204,7,1,5
3205,5,0,0
3206,3,0,4
3207,5,0,1
3208,4,0,0
3209,3,1,3
3210,1,1,3
3211,3,0,4
3212,2,0,2
3213,1,1,1
3214,4,0,3
3215,3,0,1
3216,1,1,0
3217,3,0,6
3218,3,1,5
3219,1,0,2
3220,2,0,6
3221,1,1,0
3222,5,0,3
3223,5,1,2
3224,3,1,0
3225,2,1,2
3226,8,0,3
3227,1,0,0
3228,1,1,6
3229,3,1,1
3230,5,1,3
3231,4,1,1
3232,4,0,6
3233,7,0,1
3234,3,1,0
3235,0,0,3
3236,6,1,1
3237,3,0,3
3238,6,0,3
3239,4,1,1
3240,4,0,2
3241,7,1,2
3242,3,1,2
3243,4,0,2
3244,1,1,1
3245,4,0,1
3246,2,1,1
3247,4,0,1
3248,2,1,4
3249,3,0,0
3250,4,0,5
3251,1,0,0
3252,4,1,0
3253,1,1,4
3254,4,1,6
3255,3,0,0
3256,6,0,0
3257,4,1,1
3258,0,0,3
3259,3,1,0
3260,6,1,1
3261,3,1,1
3262,3,1,3
3263,3,1,4
3264,5,0,0
3265,3,1,3
3266,5,0,4
3267,6,0,5
3268,7,1,1
3269,3,1,4
3270,3,0,3
3271,4,1,2
3272,3,0,2
3273,4,0,0
3274,5,0,2
3275,5,0,3
3276,3,1,5
3277,4,0,2
3278,6,0,3
3279,3,1,2
3280,3,1,1
3281,4,0,2
3282,4,0,3
3283,6,0,3
3284,3,1,0
3285,6,0,1
3286,3,0,0
3287,6,0,6
3288,4,0,1
3289,5,1,3
3290,4,1,6
3291,3,1,4
3292,4,1,6
3293,1,0,0
3294,3,1,3
3295,5,1,5
3296,4,1,3
3297,4,1,1
3298,4,0,0
3299,3,0,1
3300,8,1,4
3301,3,1,4
3302,5,1,2
3303,7,0,3
3304,1,0,1
3305,4,0,3
3306,3,1,2
3307,2,1,0
3308,4,0,3
3309,3,1,2
3310,3,0,3
3311,4,0,1
3312,4,0,3
3313,7,0,4
3314,3,0,6
3315,4,0,1
3316,5,1,3
3317,1,0,0
3318,2,1,1
3319,3,0,1
3320,8,0,4
3321,5,0,3
3322,6,0,3
3323,3,1,3
3324,3,1,0
3325,2,1,5
3326,5,0,2
3327,4,0,3
3328,3,1,0
3329,3,1,6
3330,3,0,6
3331,4,1,2
3332,4,0,0
3333,3,0,6
3334,3,0,5
3335,3,0,6
3336,2,1,2
3337,3,0,2
3338,3,0,4
3339,3,1,6
3340,1,0,5
3341,7,0,3
3342,3,0,3
3343,3,1,4
3344,2,1,3
3345,2,1,3
3346,3,0,0
3347,3,1,5
3348,4,1,5
3349,3,0,2
3350,6,0,4
3351,7,1,5
3352,3,0,0
3353,3,1,3
3354,3,0,5
3355,1,1,4
3356,1,0,3
3357,3,0,5
3358,3,1,0
3359,5,0,5
3360,3,1,5
3361,2,0,6
3362,3,0,0
3363,7,0,5
3364,3,1,2
3365,2,0,2
3366,8,1,6
3367,4,0,4
3368,3,1,1
3369,1,1,5
3370,4,0,1
3371,2,1,3
3372,3,0,5
3373,6,0,4
3374,4,0,3
3375,2,1,3
3376,5,0,3
3377,1,0,2
3378,1,1,6
3379,2,1,2
3380,4,1,2
3381,3,1,5
3382,4,1,2
3383,5,1,0
3384,4,0,6
3385,7,1,1
3386,7,0,0
3387,2,0,2
3388,4,0,4
3389,6,0,3
3390,3,0,4
3391,0,0,1
3392,4,1,1
3393,5,1,5
3394,7,0,0
3395,4,0,5
3396,3,0,6
3397,8,0,2
3398,5,0,1
3399,5,0,4
3400,4,0,2
3401,2,1,6
3402,2,1,6
3403,2,1,6
3404,5,0,2
3405,2,0,2
3406,7,1,3
3407,2,1,2
3408,4,0,1
3409,4,0,2
3410,3,0,4
3411,4,0,5
3412,1,0,5
3413,7,0,3
3414,4,1,3
3415,3,1,2
3416,3,0,3
3417,5,1,0
3418,3,1,1
3419,4,0,4
3420,2,0,2
3421,3,1,6
3422,4,1,2
3423,4,1,3
3424,4,1,3
3425,5,0,0
3426,3,1,5
3427,4,0,2
3428,5,1,2
3429,4,1,0
3430,1,0,0
3431,0,0,2
3432,6,1,5
3433,3,1,5
3434,5,0,5
3435,5,1,6
3436,7,0,4
3437,1,0,4
3438,3,0,3
3439,2,0,3
3440,3,0,5
3441,3,0,5
3442,3,0,3
3443,3,1,1
3444,3,1,0
3445,1,1,6
3446,4,0,5
3447,0,1,0
3448,3,1,5
3449,1,0,3
3450,2,1,6
3451,4,0,3
3452,1,0,6
3453,7,0,1
3454,5,0,3
3455,4,0,2
3456,4,0,4
3457,5,0,3
3458,1,0,0
3459,6,1,1
3460,2,1,5
3461,5,0,2
3462,4,1,6
3463,4,1,0
3464,5,1,5
3465,3,1,3
3466,5,0,5
3467,5,0,2
3468,4,0,6
3469,7,0,5
3470,4,0,0
3471,3,1,6
3472,5,0,2
3473,8,0,3
3474,2,1,1
3475,4,0,2
3476,1,1,4
3477,3,0,1
3478,3,0,5
3479,6,1,5
3480,3,1,3
3481,2,0,0
3482,4,1,6
3483,3,0,5
3484,4,0,2
3485,4,1,5
3486,2,1,6
3487,7,0,3
3488,3,0,0
3489,4,1,5
3490,3,0,5
3491,3,1,2
3492,6,0,1
3493,1,0,2
3494,3,0,3
3495,3,1,2
3496,5,0,1
3497,3,1,0
3498,4,1,2
3499,3,1,1
3500,4,0,5
3501,4,1,2
3502,4,0,3
3503,4,0,3
3504,3,0,3
3505,4,0,5
3506,3,0,4
3507,4,0,2
3508,2,1,2
3509,5,0,0
3510,2,0,0
3511,5,1,6
3512,5,0,3
3513,2,1,6
3514,3,1,4
3515,3,0,5
3516,4,1,5
3517,6,0,0
3518,3,1,0
3519,1,0,0
3520,4,1,1
3521,5,0,3
3522,6,0,3
3523,2,0,5
3524,2,1,3
3525,4,1,5
3526,5,0,3
3527,3,1,1
3528,4,1,0
3529,2,1,4
3530,3,0,1
3531,5,1,1
3532,4,0,4
3533,3,1,5
3534,4,1,6
3535,3,1,3
3536,0,1,0
3537,3,1,3
3538,1,1,2
3539,1,0,6
3540,4,1,1
3541,3,1,2
3542,4,1,3
3543,3,1,3
3544,4,1,2
3545,3,0,3
3546,3,0,6
3547,6,0,4
3548,3,1,6
3549,2,0,0
3550,2,1,6
3551,1,0,1
3552,3,0,6
3553,7,0,0
3554,6,0,0
3555,7,0,2
3556,4,0,6
3557,5,1,1
3558,2,0,6
3559,4,1,2
3560,2,0,6
3561,5,0,1
3562,4,1,3
3563,3,1,5
3564,2,0,1
3565,6,0,3
3566,1,0,5
3567,6,0,1
3568,4,0,4
3569,3,1,4
3570,4,0,3
3571,4,0,6
3572,1,0,6
3573,1,1,2
3574,2,0,5
3575,4,1,1
3576,1,0,1
3577,3,1,4
3578,5,1,1
3579,1,0,1
3580,4,0,5
3581,7,0,0
3582,4,0,5
3583,4,0,0
3584,4,0,3
3585,3,1,5
3586,3,0,5
3587,3,0,1
3588,2,1,5
3589,3,0,2
3590,3,0,3
3591,4,0,1
3592,5,1,0
3593,3,1,3
3594,2,0,6
3595,4,1,0
3596,3,0,3
3597,1,0,6
3598,5,0,1
3599,2,1,1
3600,1,1,1
3601,6,1,3
3602,3,1,0
3603,3,0,5
3604,6,0,5
3605,4,1,6
3606,3,0,4
3607,2,0,5
3608,5,1,1
3609,4,1,2
3610,3,1,3
3611,1,1,6
3612,3,0,1
3613,4,0,2
3614,7,1,1
3615,4,1,3
3616,3,0,0
3617,3,1,2
3618,2,1,1
3619,3,0,3
3620,4,0,2
3621,3,1,5
3622,1,1,5
3623,1,0,0
3624,8,1,6
3625,6,0,3
3626,2,1,6
3627,4,0,4
3628,5,0,6
3629,3,1,0
3630,2,0,1
3631,3,1,1
3632,3,0,3
3633,8,0,6
3634,4,1,1
3635,3,1,4
3636,2,1,6
3637,4,0,2
3638,4,0,3
3639,6,1,0
3640,5,0,5
3641,3,1,4
3642,3,1,1
3643,1,1,5
3644,2,0,6
3645,2,0,0
3646,4,1,4
3647,1,1,2
3648,1,0,6
3649,4,1,0
3650,3,0,4
3651,0,0,0
3652,3,1,3
3653,5,0,5
3654,6,0,3
3655,3,1,3
3656,3,0,1
3657,6,1,1
3658,4,1,0
3659,3,1,6
3660,3,0,3
3661,5,0,2
3662,3,1,2
3663,1,1,3
3664,4,1,3
3665,1,0,1
3666,6,1,3
3667,5,1,1
3668,6,1,3
3669,4,0,4
3670,2,1,0
3671,2,1,1
3672,3,1,5
3673,5,0,5
3674,4,0,4
3675,4,1,6
3676,6,0,4
3677,1,0,5
3678,3,0,5
3679,3,1,3
3680,4,0,3
3681,4,0,6
3682,2,0,2
3683,6,1,2
3684,2,1,4
3685,2,1,1
3686,3,1,2
3687,2,1,3
3688,4,0,6
3689,5,0,5
3690,5,0,5
3691,4,0,5
3692,6,0,4
3693,0,1,0
3694,4,0,5
3695,3,0,3
3696,4,0,2
3697,3,0,3
3698,6,1,0
3699,5,1,6
3700,1,0,6
3701,6,1,5
3702,5,0,2
3703,3,1,3
3704,0,1,1
3705,1,1,2
3706,1,1,5
3707,4,1,5
3708,4,1,2
3709,4,0,5
3710,3,0,5
3711,3,0,4
3712,6,0,2
3713,3,0,6
3714,4,0,3
3715,4,0,4
3716,3,0,3
3717,5,0,2
3718,5,0,3
3719,4,0,0
3720,4,1,3
3721,1,0,5
3722,1,0,2
3723,5,1,3
3724,1,1,3
3725,4,0,2
3726,5,0,2
3727,2,1,1
3728,3,0,1
3729,3,0,4
3730,1,0,0
3731,1,1,6
3732,3,1,1
3733,3,1,5
3734,4,0,1
3735,1,0,2
3736,3,1,4
3737,2,1,3
3738,6,0,2
3739,2,0,2
3740,3,1,2
3741,4,0,0
3742,3,0,3
3743,2,1,1
3744,4,0,6
3745,5,1,1
3746,1,0,0
3747,1,0,0
3748,1,1,2
3749,5,1,2
3750,6,0,5
3751,1,0,5
3752,3,1,0
3753,2,1,1
3754,5,1,1
3755,3,1,1
3756,3,0,6
3757,6,1,1
3758,5,0,0
3759,1,0,2
3760,4,0,2
3761,3,1,5
3762,4,1,5
3763,4,0,5
3764,3,0,4
3765,3,0,3
3766,5,1,3
3767,1,0,6
3768,2,0,6
3769,2,1,2
3770,4,0,4
3771,2,1,2
3772,4,0,5
3773,5,0,3
3774,3,0,1
3775,3,1,6
3776,5,1,3
3777,7,0,5
3778,5,1,5
3779,2,1,5
3780,1,0,4
3781,3,0,5
3782,3,0,0
3783,3,0,3
3784,3,1,0
3785,5,0,2
3786,4,0,4
3787,3,1,5
3788,3,0,2
3789,5,1,0
3790,2,1,1
3791,4,1,3
3792,5,0,4
3793,2,0,6
3794,3,0,5
3795,5,0,5
3796,3,0,6
3797,4,0,0
3798,3,0,1
3799,1,1,0
3800,4,0,6
3801,2,1,3
3802,3,1,2
3803,4,0,5
3804,3,1,2
3805,4,1,2
3806,2,0,1
3807,3,1,1
3808,2,0,0
3809,4,0,6
3810,6,1,3
3811,2,1,3
3812,4,0,3
3813,0,0,2
3814,0,0,6
3815,7,0,0
3816,2,1,4
3817,4,0,5
3818,3,0,6
3819,6,1,1
3820,3,1,2
3821,5,0,5
3822,4,1,0
3823,1,1,2
3824,5,1,0
3825,4,1,3
3826,5,0,3
3827,1,1,3
3828,6,0,1
3829,5,1,2
3830,4,0,5
3831,4,0,6
3832,4,0,3
3833,2,0,0
3834,3,0,2
3835,1,0,2
3836,5,0,3
3837,5,1,3
3838,3,1,0
3839,1,1,6
3840,8,0,6
3841,2,1,0
3842,4,1,3
3843,3,0,4
3844,4,1,0
3845,4,1,1
3846,2,1,5
3847,3,1,0
3848,1,0,5
3849,0,0,5
3850,3,1,5
3851,4,0,3
3852,1,1,3
3853,4,0,4
3854,5,0,3
3855,3,1,2
3856,5,0,6
3857,4,0,4
3858,3,1,2
3859,3,1,1
3860,4,0,1
3861,2,1,0
3862,5,1,2
3863,3,1,2
3864,3,1,3
3865,4,1,2
3866,6,1,6
3867,4,1,2
3868,3,0,5
3869,1,0,2
3870,5,1,5
3871,3,0,2
3872,1,0,1
3873,5,0,4
3874,3,0,5
3875,4,1,3
3876,4,1,3
3877,4,1,5
3878,4,1,2
3879,4,1,5
3880,5,0,3
3881,2,0,2
3882,3,1,5
3883,7,0,4
3884,7,0,3
3885,6,0,4
3886,5,0,3
3887,4,0,6
3888,1,0,1
3889,1,0,3
3890,4,0,6
3891,1,0,0
3892,5,0,2
3893,7,1,1
3894,4,0,0
3895,3,1,6
3896,4,1,0
3897,3,1,6
3898,3,1,0
3899,6,1,3
3900,3,0,5
3901,4,0,2
3902,5,0,2
3903,0,0,2
3904,4,0,6
3905,5,0,1
3906,2,1,6
3907,1,0,5
3908,6,1,3
3909,4,1,5
3910,1,1,2
3911,4,0,6
3912,6,0,3
3913,1,1,5
3914,5,0,0
3915,4,0,3
3916,4,1,3
3917,7,0,4
3918,4,1,6
3919,0,0,3
3920,4,0,0
3921,5,0,5
3922,3,1,6
3923,3,1,3
3924,2,0,6
3925,6,0,3
3926,4,0,4
3927,3,1,3
3928,3,0,2
3929,3,0,2
3930,3,1,1
3931,4,0,3
3932,4,1,1
3933,3,0,3
3934,3,0,5
3935,5,1,3
3936,5,1,1
3937,3,1,5
3938,4,1,3
3939,2,0,3
3940,3,1,2
3941,7,1,5
3942,1,0,2
3943,4,1,3
3944,3,1,3
3945,4,1,4
3946,4,0,2
3947,5,0,3
3948,6,0,5
3949,1,0,6
3950,1,1,0
3951,8,1,2
3952,3,1,3
3953,5,0,6
3954,5,0,2
3955,2,0,2
3956,1,0,4
3957,1,0,5
3958,4,0,4
3959,3,1,3
3960,8,1,2
3961,3,1,5
3962,2,0,2
3963,6,0,1
3964,4,1,6
3965,1,0,1
3966,2,1,5
3967,3,1,5
3968,5,1,6
3969,5,0,5
3970,3,0,1
3971,4,0,6
3972,6,1,5
3973,1,0,3
3974,3,0,3
3975,6,0,5
3976,5,1,5
3977,2,0,6
3978,5,0,1
3979,4,0,0
3980,3,0,2
3981,3,0,1
3982,6,0,4
3983,3,1,3
3984,7,1,2
3985,5,0,3
3986,2,0,4
3987,3,1,4
3988,4,0,1
3989,4,0,3
3990,1,0,2
3991,3,1,0
3992,1,0,6
3993,6,1,1
3994,3,1,3
3995,3,1,3
3996,4,0,3
3997,2,1,6
3998,3,0,5
3999,4,0,5
4000,5,1,5
4001,0,0,0
4002,4,1,1
4003,4,1,3
4004,6,1,5
4005,3,1,6
4006,5,0,1
4007,4,0,5
4008,4,0,2
4009,3,0,1
4010,3,1,5
4011,2,1,1
4012,4,0,3
4013,4,1,0
4014,3,1,4
4015,3,0,5
4016,2,1,0
4017,4,0,5
4018,3,1,1
4019,6,0,1
4020,3,1,4
4021,4,0,6
4022,4,0,2
4023,5,1,6
4024,3,1,0
4025,3,1,2
4026,5,0,5
4027,1,0,2
4028,3,0,6
4029,4,1,2
4030,2,1,6
4031,6,0,1
4032,2,1,2
4033,7,0,3
4034,8,0,1
4035,3,0,4
4036,0,0,0
4037,6,1,4
4038,1,0,2
4039,4,0,3
4040,3,0,6
4041,5,1,6
4042,6,1,1
4043,6,0,1
4044,3,1,0
4045,3,1,3
4046,3,1,2
4047,4,0,2
4048,3,1,3
4049,3,0,3
4050,1,0,4
4051,7,0,0
4052,3,1,5
4053,3,1,0
4054,3,1,1
4055,5,1,4
4056,0,0,0
4057,5,0,1
4058,3,1,6
4059,3,1,6
4060,7,1,3
4061,7,0,5
4062,4,0,3
4063,4,1,2
4064,4,1,5
4065,3,1,3
4066,4,1,1
4067,3,1,1
4068,5,1,6
4069,4,1,2
4070,6,0,3
4071,2,0,2
4072,3,0,2
4073,2,0,3
4074,6,1,4
4075,6,0,6
4076,0,1,1
4077,6,1,2
4078,1,1,0
4079,4,1,3
4080,2,0,6
4081,6,1,3
4082,2,1,4
4083,4,0,4
4084,6,1,6
4085,1,1,1
4086,4,0,5
4087,3,0,1
4088,1,0,0
4089,1,1,5
4090,1,0,2
4091,6,1,2
4092,3,1,1
4093,2,1,1
4094,3,0,5
4095,2,0,2
4096,1,1,3
4097,6,0,2
4098,6,0,3
4099,4,0,0
4100,3,1,1
4101,3,1,0
4102,2,1,3
4103,3,0,0
4104,7,0,5
4105,1,0,2
4106,4,0,0
4107,6,0,2
4108,3,1,2
4109,3,1,4
4110,5,0,2
4111,4,0,4
4112,7,1,2
4113,1,0,5
4114,3,0,3
4115,3,0,4
4116,8,1,3
4117,3,0,2
4118,3,1,1
4119,3,1,0
4120,4,1,6
4121,4,0,0
4122,3,1,0
4123,6,1,5
4124,1,0,5
4125,7,0,4
4126,3,0,3
4127,3,0,1
4128,3,1,3
4129,2,1,0
4130,2,0,4
4131,3,1,1
4132,2,1,3
4133,5,1,4
4134,3,1,5
4135,3,1,2
4136,4,1,3
4137,4,0,4
4138,4,1,3
4139,3,0,3
4140,3,1,2
4141,2,0,0
4142,4,0,4
4143,1,0,5
4144,4,0,4
4145,5,1,6
4146,5,1,2
4147,4,0,0
4148,3,1,3
4149,2,1,3
4150,3,1,6
4151,2,1,2
4152,3,1,3
4153,3,1,6
4154,6,0,3
4155,4,0,0
4156,5,0,4
4157,3,0,0
4158,1,0,0
4159,3,0,3
4160,3,0,3
4161,4,0,4
4162,4,0,1
4163,5,0,2
4164,3,1,1
4165,6,0,5
4166,3,0,0
4167,4,0,6
4168,6,1,3
4169,6,1,5
4170,1,0,5
4171,5,0,2
4172,4,1,2
4173,4,1,1
4174,1,1,0
4175,5,0,0
4176,2,0,2
4177,3,0,0
4178,4,0,3
4179,1,1,6
4180,3,0,2
4181,6,0,3
4182,3,0,0
4183,2,0,4
4184,6,1,0
4185,1,0,1
4186,6,0,4
4187,2,0,2
4188,3,1,5
4189,6,1,2
4190,4,1,5
4191,2,1,2
4192,2,1,2
4193,1,0,2
4194,2,1,2
4195,3,0,2
4196,3,1,6
4197,6,0,6
4198,6,0,4
4199,5,0,2
4200,3,0,5
4201,4,0,3
4202,4,0,0
4203,3,1,5
4204,4,0,0
4205,4,1,5
4206,5,1,2
4207,1,0,5
4208,1,0,5
4209,5,0,5
4210,3,1,6
4211,2,1,0
4212,8,1,2
4213,5,1,2
4214,1,1,5
4215,4,0,3
4216,0,0,0
4217,3,1,0
4218,4,1,2
4219,4,1,0
4220,5,0,0
4221,3,0,5
4222,1,1,5
4223,7,0,2
4224,3,1,3
4225,3,1,3
4226,3,1,3
4227,1,1,0
4228,5,1,5
4229,3,0,1
4230,5,1,0
4231,4,0,3
4232,2,0,5
4233,4,0,0
4234,7,0,0
4235,2,1,2
4236,4,0,1
4237,3,1,0
4238,3,1,2
4239,3,1,2
4240,3,1,2
4241,4,1,5
4242,6,1,6
4243,3,0,3
4244,0,0,6
4245,2,1,0
4246,6,1,1
4247,3,1,0
4248,6,0,3
4249,2,1,6
4250,4,1,6
4251,2,1,4
4252,2,0,2
4253,3,1,1
4254,4,0,4
4255,3,1,0
4256,4,1,3
4257,1,1,6
4258,4,1,3
4259,6,1,1
4260,7,0,4
4261,2,1,0
4262,1,1,5
4263,4,0,6
4264,6,0,3
4265,4,1,2
4266,4,0,0
4267,1,0,2
4268,6,0,3
4269,4,0,3
4270,4,1,1
4271,6,0,3
4272,3,1,2
4273,2,1,5
4274,1,1,1
4275,5,0,0
4276,5,1,0
4277,4,1,0
4278,1,1,1
4279,2,0,1
4280,5,0,0
4281,4,0,3
4282,4,0,5
4283,3,1,3
4284,4,1,3
4285,3,0,0
4286,1,1,6
4287,4,1,0
4288,4,1,1
4289,3,0,4
4290,0,0,2
4291,4,1,2
4292,3,1,6
4293,3,0,0
4294,2,0,2
4295,6,0,3
4296,2,0,6
4297,4,1,5
4298,3,0,0
4299,1,1,6
4300,4,0,0
4301,3,1,2
4302,5,1,4
4303,3,1,0
4304,1,0,4
4305,3,1,6
4306,3,1,0
4307,1,0,6
4308,4,1,3
4309,4,0,6
4310,3,0,3
4311,3,1,3
4312,5,1,3
4313,3,1,3
4314,4,0,6
4315,3,1,5
4316,5,0,1
4317,3,0,4
4318,1,0,4
4319,2,1,3
4320,1,1,1
4321,3,1,5
4322,2,0,2
4323,1,1,5
4324,2,0,4
4325,4,0,3
4326,5,0,1
4327,3,1,0
4328,0,0,0
4329,4,0,5
4330,4,0,0
4331,2,0,2
4332,2,1,2
4333,2,0,1
4334,3,1,1
4335,4,0,4
4336,1,1,0
4337,2,0,4
4338,5,0,0
4339,1,0,3
4340,5,1,6
4341,2,1,1
4342,3,0,3
4343,3,0,5
4344,4,1,6
4345,6,0,5
4346,4,0,2
4347,4,0,1
4348,6,0,6
4349,4,0,3
4350,3,1,0
4351,8,0,6
4352,1,0,1
4353,5,1,4
4354,5,0,4
4355,4,0,4
4356,3,1,2
4357,1,0,5
4358,3,1,2
4359,3,0,3
4360,1,0,0
4361,4,0,3
4362,1,0,4
4363,2,0,6
4364,4,1,0
4365,3,0,0
4366,1,1,2
4367,3,0,0
4368,6,1,1
4369,3,1,5
4370,7,1,1
4371,2,1,3
4372,3,1,0
4373,2,0,3
4374,6,1,5
4375,4,0,1
4376,4,1,3
4377,3,1,3
4378,2,1,3
4379,2,0,5
4380,1,0,0
4381,3,0,4
4382,4,1,6
4383,5,0,4
4384,4,1,2
4385,4,1,1
4386,4,0,5
4387,5,0,5
4388,1,0,5
4389,3,0,4
4390,3,0,1
4391,8,1,1
4392,5,0,4
4393,5,0,3
4394,7,0,0
4395,3,0,0
4396,5,1,2
4397,3,1,0
4398,3,1,5
4399,2,1,2
4400,6,1,3
4401,4,0,2
4402,2,1,6
4403,3,1,5
4404,3,1,3
4405,4,0,5
4406,7,0,4
4407,4,1,2
4408,4,0,1
4409,7,0,3
4410,4,0,3
4411,4,0,3
4412,4,1,1
4413,0,0,3
4414,4,1,1
4415,3,1,1
4416,2,0,1
4417,3,1,0
4418,5,0,6
4419,2,0,3
4420,3,1,3
4421,4,0,1
4422,3,1,4
4423,4,0,3
4424,5,1,3
4425,1,0,1
4426,3,0,3
4427,3,0,2
4428,2,1,1
4429,3,1,1
4430,6,1,2
4431,3,0,6
4432,6,0,4
4433,3,1,3
4434,8,1,6
4435,5,0,2
4436,4,0,4
4437,4,1,2
4438,1,0,3
4439,4,0,5
4440,6,0,6
4441,5,0,3
4442,1,0,2
4443,5,0,6
4444,4,1,3
4445,4,1,3
4446,1,0,2
4447,3,0,0
4448,1,0,1
4449,1,1,2
4450,3,0,5
4451,4,1,5
4452,5,0,0
4453,2,0,2
4454,4,0,3
4455,5,0,5
4456,1,0,5
4457,4,0,6
4458,2,1,6
4459,4,1,2
4460,3,1,3
4461,3,0,1
4462,5,0,5
4463,7,1,6
4464,3,0,5
4465,2,0,5
4466,4,1,3
4467,2,0,2
4468,3,1,0
4469,4,0,0
4470,3,1,2
4471,5,0,3
4472,3,0,0
4473,1,0,1
4474,8,0,6
4475,8,1,5
4476,4,1,5
4477,3,1,0
4478,7,0,4
4479,3,1,4
4480,5,1,1
4481,3,0,6
4482,6,1,4
4483,3,1,5
4484,3,0,2
4485,5,0,2
4486,4,0,3
4487,8,0,1
4488,2,0,6
4489,2,0,4
4490,3,1,0
4491,1,1,6
4492,4,1,2
4493,4,0,6
4494,0,0,0
4495,2,0,6
4496,4,0,4
4497,2,1,4
4498,3,1,1
4499,2,1,2
4500,4,1,2
4501,7,1,1
4502,3,1,1
4503,4,0,3
4504,4,0,6
4505,3,1,6
4506,4,1,6
4507,4,1,3
4508,3,0,6
4509,2,0,2
4510,2,1,3
4511,1,0,2
4512,4,0,3
4513,4,1,5
4514,3,1,2
4515,2,0,6
4516,5,1,3
4517,4,0,3
4518,5,0,6
4519,6,1,6
4520,3,1,2
4521,4,1,1
4522,3,0,2
4523,1,1,6
4524,4,0,2
4525,4,1,3
4526,4,0,1
4527,3,1,3
4528,5,0,4
4529,2,1,2
4530,5,1,1
4531,4,1,0
4532,7,0,5
4533,3,1,3
4534,3,1,6
4535,3,1,1
4536,5,0,1
4537,6,0,3
4538,3,0,3
4539,3,0,1
4540,4,1,1
4541,1,1,3
4542,4,1,5
4543,3,0,3
4544,2,1,2
4545,5,0,5
4546,4,1,0
4547,3,0,6
4548,2,1,4
4549,2,0,5
4550,2,1,6
4551,3,0,0
4552,3,0,0
4553,4,0,0
4554,3,1,2
4555,4,1,2
4556,1,0,2
4557,5,0,0
4558,4,0,2
4559,1,0,2
4560,4,1,1
4561,3,1,1
4562,5,1,1
4563,2,1,0
4564,1,0,6
4565,3,1,6
4566,3,1,5
4567,4,1,5
4568,5,0,4
4569,2,1,2
4570,1,0,5
4571,1,0,0
4572,3,0,5
4573,4,1,1
4574,5,1,5
4575,2,1,3
4576,4,0,3
4577,3,1,6
4578,3,0,4
4579,1,0,6
4580,5,1,3
4581,1,0,2
4582,5,0,2
4583,3,0,3
4584,4,1,2
4585,7,0,5
4586,5,1,5
4587,5,0,4
4588,4,1,2
4589,3,0,3
4590,2,1,5
4591,1,0,6
4592,4,1,2
4593,1,1,3
4594,3,0,4
4595,2,0,6
4596,4,0,6
4597,4,1,2
4598,3,0,6
4599,1,1,2
4600,2,1,5
4601,4,1,3
4602,3,1,3
4603,3,0,2
4604,5,1,4
4605,6,0,5
4606,4,1,0
4607,2,1,5
4608,3,0,3
4609,3,1,3
4610,5,1,2
4611,4,1,2
4612,3,1,5
4613,3,0,2
4614,4,1,3
4615,4,0,1
4616,3,0,5
4617,3,1,2
4618,6,0,3
4619,1,0,2
4620,3,0,4
4621,3,1,0
4622,2,1,4
4623,2,1,3
4624,4,0,1
4625,5,1,2
4626,4,1,2
4627,5,0,4
4628,3,0,2
4629,3,0,2
4630,4,0,5
4631,5,0,6
4632,5,0,2
4633,6,0,3
4634,3,0,1
4635,3,1,3
4636,5,0,2
4637,3,1,5
4638,5,1,4
4639,4,0,2
4640,3,1,2
4641,1,1,2
4642,3,0,3
4643,3,0,3
4644,1,0,0
4645,6,0,5
4646,5,1,2
4647,4,1,2
4648,3,0,0
4649,3,1,6
4650,3,1,4
4651,3,0,0
4652,4,0,1
4653,3,1,3
4654,4,0,1
4655,3,1,0
4656,3,1,2
4657,6,0,5
4658,2,1,5
4659,4,0,2
4660,3,1,0
4661,3,0,5
4662,4,1,5
4663,0,1,0
4664,5,0,3
4665,5,0,0
4666,3,0,0
4667,2,0,1
4668,5,0,5
4669,2,0,1
4670,4,1,1
4671,3,1,0
4672,4,0,0
4673,3,0,5
4674,1,0,5
4675,3,1,2
4676,4,0,5
4677,3,1,5
4678,4,0,5
4679,1,0,2
4680,7,0,5
4681,5,0,1
4682,3,0,5
4683,1,1,0
4684,4,1,3
4685,5,0,1
4686,5,1,2
4687,1,1,6
4688,3,1,2
4689,5,0,3
4690,3,1,0
4691,3,1,4
4692,4,1,1
4693,6,0,3
4694,5,0,4
4695,3,0,5
4696,4,0,0
4697,1,1,2
4698,2,1,6
4699,1,0,6
4700,6,0,1
4701,3,1,4
4702,5,0,4
4703,2,1,2
4704,1,1,1
4705,4,0,1
4706,4,0,3
4707,4,0,3
4708,3,1,2
4709,4,1,3
4710,4,0,3
4711,3,1,2
4712,4,0,4
4713,4,1,1
4714,8,0,0
4715,5,0,1
4716,7,1,2
4717,6,0,4
4718,0,0,0
4719,0,1,6
4720,8,1,1
4721,6,0,2
4722,4,1,5
4723,1,1,4
4724,1,0,0
4725,4,1,6
4726,7,0,6
4727,0,1,6
4728,5,0,6
4729,4,0,1
4730,4,0,0
4731,2,0,5
4732,5,0,5
4733,6,0,3
4734,3,0,5
4735,6,0,3
4736,5,0,2
4737,1,1,4
4738,5,0,5
4739,3,1,2
4740,2,0,3
4741,4,0,6
4742,1,0,2
4743,4,0,0
4744,1,0,1
4745,4,0,4
4746,6,0,4
4747,1,1,5
4748,3,1,6
4749,2,1,0
4750,5,0,2
4751,3,0,6
4752,2,0,6
4753,3,1,6
4754,3,0,0
4755,3,0,6
4756,4,0,1
4757,3,0,6
4758,7,0,0
4759,5,0,2
4760,5,0,3
4761,3,0,1
4762,6,0,4
4763,1,0,2
4764,1,0,1
4765,4,1,2
4766,3,1,1
4767,3,0,6
4768,1,0,2
4769,2,0,0
4770,3,0,3
4771,3,0,6
4772,4,0,2
4773,1,0,4
4774,1,0,6
4775,1,0,0
4776,3,0,3
4777,5,1,5
4778,4,0,6
4779,3,1,3
4780,7,1,3
4781,4,1,2
4782,3,0,3
4783,4,0,5
4784,1,1,1
4785,1,1,0
4786,6,1,5
4787,2,0,0
4788,3,1,5
4789,4,1,3
4790,3,0,1
4791,2,0,6
4792,7,1,5
4793,4,0,2
4794,4,1,6
4795,4,0,1
4796,4,0,3
4797,1,0,6
4798,1,1,5
4799,2,1,0
4800,3,0,6
4801,4,0,1
4802,6,0,0
4803,6,1,3
4804,0,0,2
4805,1,0,0
4806,1,1,2
4807,1,0,1
4808,4,1,1
4809,2,1,5
4810,4,1,1
4811,1,1,6
4812,4,1,6
4813,6,0,1
4814,2,1,0
4815,1,1,1
4816,4,0,3
4817,3,1,1
4818,5,0,6
4819,6,1,0
4820,3,0,5
4821,4,1,5
4822,2,0,5
4823,6,1,2
4824,6,0,6
4825,4,0,5
4826,2,0,5
4827,6,0,3
4828,4,1,5
4829,4,1,6
4830,3,0,0
4831,6,1,1
4832,5,1,1
4833,4,1,2
4834,4,0,6
4835,2,0,0
4836,3,1,3
4837,3,1,3
4838,4,1,3
4839,6,0,1
4840,4,1,2
4841,4,1,3
4842,4,1,5
4843,8,1,5
4844,1,1,0
4845,3,1,3
4846,2,0,5
4847,2,1,0
4848,6,1,3
4849,3,0,3
4850,3,0,5
4851,1,1,1
4852,1,1,0
4853,1,0,1
4854,5,0,6
4855,3,0,2
4856,2,0,2
4857,2,0,2
4858,4,0,1
4859,6,0,0
4860,4,0,2
4861,4,0,0
4862,2,0,6
4863,2,0,3
4864,3,1,3
4865,5,1,4
4866,3,1,6
4867,1,1,1
4868,4,1,0
4869,3,1,4
4870,7,0,6
4871,3,1,3
4872,5,1,4
4873,4,0,5
4874,3,0,3
4875,6,0,0
4876,5,1,6
4877,6,0,4
4878,2,1,3
4879,5,0,4
4880,6,0,5
4881,4,0,0
4882,8,1,0
4883,5,1,3
4884,4,1,3
4885,4,1,1
4886,0,1,0
4887,4,1,2
4888,7,1,4
4889,3,1,5
4890,1,1,5
4891,3,1,0
4892,6,0,0
4893,1,0,4
4894,3,1,0
4895,3,0,3
4896,8,1,1
4897,3,1,0
4898,4,0,1
4899,3,0,4
4900,3,1,3
4901,2,0,2
4902,4,0,4
4903,2,0,3
4904,3,1,5
4905,3,1,3
4906,1,1,6
4907,7,1,2
4908,3,0,5
4909,5,0,6
4910,4,0,4
4911,3,0,5
4912,2,1,6
4913,3,0,0
4914,2,1,2
4915,1,1,5
4916,4,1,2
4917,4,0,4
4918,3,1,0
4919,4,1,6
4920,3,1,2
4921,3,0,3
4922,4,1,2
4923,3,0,2
4924,3,0,5
4925,7,0,1
4926,1,1,6
4927,3,1,1
4928,4,1,0
4929,0,1,1
4930,6,0,4
4931,1,1,2
4932,2,1,2
4933,5,0,3
4934,4,1,1
4935,4,0,3
4936,3,0,0
4937,2,1,0
4938,2,1,1
4939,0,0,0
4940,4,0,3
4941,3,1,0
4942,5,0,2
4943,1,1,5
4944,3,1,2
4945,2,1,3
4946,3,1,1
4947,5,0,2
4948,3,0,2
4949,1,0,5
4950,4,0,2
4951,2,1,4
4952,8,1,0
4953,4,0,0
4954,1,1,1
4955,3,1,3
4956,1,1,1
4957,3,1,1
4958,4,0,3
4959,3,1,5
4960,1,1,5
4961,5,0,1
4962,3,0,4
4963,3,0,3
4964,3,0,6
4965,5,0,4
4966,6,0,4
4967,6,1,4
4968,1,0,0
4969,3,1,4
4970,4,0,3
4971,5,1,0
4972,8,0,4
4973,4,0,5
4974,1,0,0
4975,4,1,1
4976,3,1,1
4977,5,0,3
4978,6,0,3
4979,2,0,6
4980,5,0,5
4981,2,1,5
4982,4,0,3
4983,6,0,3
4984,5,1,4
4985,3,1,0
4986,1,0,6
4987,3,1,4
4988,7,1,3
4989,3,0,2
4990,5,1,6
4991,4,1,3
4992,2,1,4
4993,1,1,0
4994,3,0,5
4995,2,1,4
4996,3,0,0
4997,4,1,2
4998,1,1,1
4999,4,1,5
5000,4,1,4
5001,2,1,4
5002,0,0,3
5003,1,0,5
5004,6,0,2
5005,6,1,1
5006,4,0,6
5007,3,0,3
5008,3,1,2
5009,6,0,5
5010,1,0,0
5011,4,0,0
5012,2,1,6
5013,3,1,3
5014,0,0,5
5015,7,0,0
5016,2,0,6
5017,2,0,3
5018,3,0,4
5019,3,1,3
5020,5,0,1
5021,6,1,1
5022,5,0,3
5023,3,1,3
5024,0,1,1
5025,5,0,2
5026,0,0,4
5027,6,0,4
5028,2,1,1
5029,1,0,5
5030,3,0,1
5031,4,1,3
5032,4,1,1
5033,1,1,6
5034,1,1,5
5035,7,0,5
5036,2,1,6
5037,4,0,3
5038,3,1,3
5039,6,1,2
5040,4,0,5
5041,2,1,1
5042,3,1,2
5043,4,0,5
5044,3,1,3
5045,5,0,1
5046,3,0,6
5047,3,1,6
5048,3,1,4
5049,4,0,2
5050,4,1,5
5051,3,0,4
5052,4,0,4
5053,3,1,0
5054,6,1,2
5055,5,0,5
5056,3,1,6
5057,4,1,4
5058,5,1,5
5059,1,0,6
5060,2,1,6
5061,5,0,0
5062,2,0,3
5063,6,0,0
5064,1,1,4
5065,3,0,5
5066,4,0,4
5067,4,0,0
5068,2,1,6
5069,1,0,6
5070,2,1,0
5071,3,0,3
5072,2,1,1
5073,5,1,4
5074,4,0,4
5075,2,1,2
5076,2,0,1
5077,5,0,4
5078,2,1,2
5079,2,1,6
5080,4,1,6
5081,3,1,3
5082,5,0,0
5083,5,0,1
5084,3,0,4
5085,0,0,1
5086,3,0,6
5087,4,0,6
5088,4,1,2
5089,2,1,5
5090,1,0,2
5091,4,1,4
5092,1,1,5
5093,0,1,0
5094,3,1,6
5095,4,1,5
5096,7,0,6
5097,8,1,3
5098,3,0,6
5099,1,1,1
5100,3,0,0
5101,3,1,0
5102,6,0,5
5103,1,0,6
5104,5,0,1
5105,5,0,6
5106,3,1,0
5107,4,1,3
5108,4,1,1
5109,1,0,0
5110,5,0,2
5111,4,0,4
5112,0,1,1
5113,6,0,2
5114,4,1,6
5115,3,1,5
5116,3,0,6
5117,1,0,2
5118,5,1,5
5119,3,0,3
5120,4,0,2
5121,6,1,2
5122,3,1,6
5123,4,1,3
5124,3,0,0
5125,3,0,5
5126,3,0,2
5127,1,0,5
5128,3,1,4
5129,5,0,6
5130,3,0,0
5131,3,0,1
5132,2,0,0
5133,1,0,2
5134,3,1,6
5135,1,0,1
5136,0,0,6
5137,4,0,1
5138,5,0,3
5139,4,0,2
5140,2,1,1
5141,6,0,6
5142,4,0,3
5143,4,0,3
5144,3,0,4
5145,4,0,4
5146,3,1,2
5147,0,1,3
5148,5,0,6
5149,3,0,2
5150,3,1,6
5151,5,1,1
5152,3,1,5
5153,2,0,2
5154,3,1,3
5155,4,1,6
5156,1,1,5
5157,3,1,5
5158,3,1,2
5159,0,0,0
5160,2,0,1
5161,1,0,3
5162,6,1,5
5163,5,1,3
5164,2,1,1
5165,4,0,3
5166,4,1,3
5167,5,0,1
5168,6,1,1
5169,2,0,6
5170,2,1,5
5171,3,0,6
5172,1,1,6
5173,2,0,6
5174,3,0,1
5175,3,1,2
5176,2,1,2
5177,2,1,0
5178,6,1,0
5179,3,0,4
5180,1,0,4
5181,6,0,3
5182,3,0,3
5183,7,1,1
5184,6,1,3
5185,7,1,5
5186,6,0,2
5187,1,0,3
5188,4,0,4
5189,2,1,2
5190,0,0,6
5191,4,0,0
5192,3,1,1
5193,5,1,2
5194,1,0,4
5195,4,0,3
5196,3,0,6
5197,3,0,1
5198,7,0,4
5199,1,1,0
5200,4,0,6
5201,5,0,0
5202,3,0,5
5203,5,0,1
5204,6,1,2
5205,2,0,3
5206,2,1,6
5207,3,1,0
5208,7,1,3
5209,5,0,0
5210,2,0,1
5211,4,1,3
5212,4,0,5
5213,4,0,6
5214,5,0,3
5215,3,0,1
5216,6,0,3
5217,4,0,5
5218,4,0,1
5219,4,0,4
5220,2,1,6
5221,1,1,0
5222,5,1,4
5223,4,0,4
5224,0,0,0
5225,5,0,6
5226,1,1,1
5227,3,0,5
5228,6,0,4
5229,2,1,5
5230,5,1,2
5231,7,0,4
5232,7,0,5
5233,2,0,1
5234,5,0,0
5235,3,0,1
5236,5,0,4
5237,5,1,3
5238,4,1,5
5239,4,0,2
5240,3,1,0
5241,4,0,6
5242,4,0,3
5243,2,0,4
5244,2,0,3
5245,3,1,1
5246,2,1,0
5247,4,0,3
5248,4,1,4
5249,3,0,4
5250,2,0,3
5251,1,1,2
5252,3,1,5
5253,3,1,2
5254,3,1,2
5255,3,0,0
5256,2,1,6
5257,2,1,6
5258,5,0,3
5259,3,0,0
5260,4,0,6
5261,1,0,4
5262,4,1,2
5263,2,1,6
5264,3,1,3
5265,7,1,4
5266,2,1,6
5267,3,0,3
5268,5,0,3
5269,0,1,6
5270,3,0,3
5271,4,1,3
5272,4,0,4
5273,2,0,6
5274,5,0,3
5275,1,1,5
5276,5,1,5
5277,3,1,4
5278,1,0,1
5279,3,0,6
5280,4,1,5
5281,4,1,5
5282,3,0,3
5283,3,0,2
5284,5,1,5
5285,6,0,4
5286,6,0,0
5287,8,1,4
5288,5,1,2
5289,4,0,0
5290,2,0,5
5291,3,1,3
5292,5,1,6
5293,4,0,1
5294,6,0,2
5295,3,0,1
5296,4,0,3
5297,6,1,1
5298,3,1,3
5299,5,0,0
5300,1,1,6
5301,3,0,4
5302,4,1,6
5303,4,0,4
5304,1,0,6
5305,4,0,3
5306,1,0,2
5307,3,0,0
5308,3,1,3
5309,4,1,0
5310,3,1,0
5311,4,1,3
5312,1,0,3
5313,5,0,3
5314,4,1,0
5315,3,1,5
5316,4,0,0
5317,3,0,6
5318,4,0,5
5319,3,0,6
5320,5,0,1
5321,3,0,5
5322,3,1,4
5323,3,0,1
5324,3,1,0
5325,3,0,6
5326,3,0,0
5327,2,0,1
5328,4,0,0
5329,1,0,5
5330,4,1,2
5331,2,1,6
5332,2,1,1
5333,3,1,3
5334,6,1,6
5335,4,1,4
5336,3,1,1
5337,3,1,4
5338,4,1,4
5339,3,0,5
5340,4,0,4
5341,7,0,5
5342,3,0,5
5343,3,1,1
5344,1,0,0
5345,5,1,2
5346,4,0,1
5347,3,0,1
5348,4,1,1
5349,3,1,0
5350,4,0,5
5351,3,0,0
5352,4,0,3
5353,8,0,3
5354,2,1,2
5355,3,1,0
5356,4,0,2
5357,7,0,2
5358,7,0,4
5359,3,0,0
5360,1,1,1
5361,4,1,1
5362,5,1,1
5363,0,1,6
5364,3,1,0
5365,4,1,5
5366,1,0,6
5367,4,0,5
5368,6,0,0
5369,3,0,6
5370,1,0,5
5371,4,0,5
5372,2,1,0
5373,1,1,3
5374,5,1,5
5375,3,1,2
5376,4,0,5
5377,5,0,5
5378,6,1,1
5379,2,0,5
5380,4,0,4
5381,3,0,5
5382,2,0,6
5383,6,0,4
5384,2,0,4
5385,5,0,1
5386,2,1,3
5387,3,0,1
5388,3,0,1
5389,2,0,1
5390,6,0,3
5391,5,1,1
5392,4,1,0
5393,5,0,2
5394,1,0,6
5395,0,0,4
5396,3,1,5
5397,3,1,6
5398,6,1,6
5399,3,0,0
5400,3,0,2
5401,5,0,3
5402,5,0,6
5403,5,0,5
5404,3,1,2
5405,4,1,3
5406,4,1,0
5407,2,1,1
5408,4,1,0
5409,3,1,3
5410,4,0,3
5411,4,0,1
5412,3,1,0
5413,3,1,5
5414,2,1,4
5415,1,1,4
5416,1,0,2
5417,3,1,4
5418,1,0,1
5419,2,0,2
5420,7,1,5
5421,4,1,5
5422,7,1,5
5423,5,0,4
5424,4,1,1
5425,1,1,6
5426,2,0,0
5427,3,0,5
5428,5,0,1
5429,3,1,3
5430,3,0,2
5431,4,0,0
5432,1,1,5
5433,2,0,2
5434,3,1,2
5435,5,0,3
5436,5,1,4
5437,6,0,2
5438,5,1,2
5439,3,1,2
5440,3,0,3
5441,4,0,4
5442,2,0,6
5443,3,1,6
5444,1,1,3
5445,2,1,2
5446,3,1,0
5447,3,1,1
5448,1,1,5
5449,3,0,2
5450,8,0,4
5451,3,1,0
5452,3,0,4
5453,3,0,2
5454,4,1,2
5455,3,1,3
5456,3,0,3
5457,4,0,1
5458,4,1,2
5459,5,1,4
5460,3,1,3
5461,1,0,5
5462,2,0,6
5463,3,0,3
5464,2,0,2
5465,2,1,1
5466,0,0,3
5467,4,0,3
5468,8,1,6
5469,3,0,3
5470,4,1,0
5471,3,1,6
5472,0,0,0
5473,4,0,3
5474,4,0,3
5475,4,0,1
5476,1,0,5
5477,5,0,4
5478,2,1,1
5479,1,1,5
5480,3,0,6
5481,1,0,2
5482,3,1,0
5483,4,1,1
5484,3,0,4
5485,7,0,6
5486,2,1,3
5487,0,1,1
5488,1,1,6
5489,4,1,0
5490,0,0,3
5491,4,1,4
5492,7,1,1
5493,5,1,4
5494,2,1,6
5495,3,1,2
5496,4,1,4
5497,3,1,3
5498,2,1,5
5499,4,0,6
5500,2,0,3
5501,4,1,1
5502,2,0,0
5503,2,0,3
5504,4,1,3
5505,1,1,2
5506,4,0,4
5507,4,0,0
5508,3,0,4
5509,4,0,0
5510,2,0,0
5511,1,1,6
5512,4,1,6
5513,4,1,2
5514,1,1,5
5515,5,0,3
5516,1,1,2
5517,1,0,6
5518,3,1,5
5519,4,1,3
5520,3,0,3
5521,5,0,1
5522,2,1,2
5523,2,1,5
5524,6,0,5
5525,5,0,1
5526,6,0,6
5527,6,1,2
5528,1,0,6
5529,3,0,6
5530,1,0,1
5531,4,0,1
5532,4,1,5
5533,4,1,4
5534,5,0,1
5535,4,0,4
5536,4,0,4
5537,3,1,2
5538,4,1,2
5539,4,0,3
5540,3,1,2
5541,0,0,3
5542,4,0,0
5543,4,0,6
5544,4,0,3
5545,3,0,3
5546,3,0,5
5547,2,0,6
5548,4,1,6
5549,2,0,1
5550,3,1,6
5551,3,1,6
5552,1,1,5
5553,2,0,0
5554,4,1,2
5555,3,1,2
5556,6,0,1
5557,5,1,0
5558,3,1,3
5559,5,0,4
5560,5,0,5
5561,2,1,1
5562,3,0,0
5563,0,0,3
5564,2,1,4
5565,1,1,1
5566,6,0,0
5567,6,0,3
5568,4,1,1
5569,1,1,2
5570,3,1,6
5571,6,1,1
5572,1,1,4
5573,5,0,4
5574,2,0,4
5575,6,0,3
5576,6,0,5
5577,3,1,5
5578,3,1,6
5579,7,1,1
5580,1,1,0
5581,3,0,3
5582,5,0,6
5583,5,1,1
5584,4,1,3
5585,5,0,5
5586,3,1,1
5587,1,1,6
5588,1,1,3
5589,3,1,0
5590,4,0,2
5591,3,0,4
5592,0,1,1
5593,2,1,0
5594,0,1,3
5595,2,1,0
5596,3,1,6
5597,5,1,1
5598,2,1,1
5599,2,0,5
5600,1,1,5
5601,5,1,1
5602,3,0,6
5603,3,1,4
5604,3,1,0
5605,1,1,3
5606,4,0,1
5607,4,1,4
5608,3,0,6
5609,6,0,1
5610,1,1,1
5611,3,1,6
5612,4,0,2
5613,6,0,3
5614,3,0,2
5615,3,0,4
5616,3,0,5
5617,4,1,3
5618,4,0,2
5619,5,0,0
5620,2,0,6
5621,1,1,5
5622,1,0,6
5623,4,0,3
5624,2,1,2
5625,3,1,2
5626,3,0,5
5627,6,0,3
5628,3,1,5
5629,1,0,0
5630,1,0,3
5631,5,0,6
5632,4,0,2
5633,3,1,0
5634,4,1,2
5635,6,0,5
5636,1,0,1
5637,7,1,1
5638,3,1,0
5639,4,0,3
5640,3,1,0
5641,1,0,3
5642,3,1,5
5643,4,0,4
5644,6,0,1
5645,4,0,5
5646,4,1,4
5647,4,0,4
5648,6,0,5
5649,3,1,3
5650,5,1,3
5651,2,0,0
5652,3,1,0
5653,3,1,0
5654,5,0,2
5655,6,1,4
5656,1,0,3
5657,2,1,6
5658,0,0,2
5659,3,1,2
5660,3,1,2
5661,4,0,0
5662,7,0,5
5663,8,1,0
5664,1,1,2
5665,7,0,5
5666,1,1,5
5667,4,0,5
5668,3,1,3
5669,3,1,5
5670,5,0,1
5671,3,1,0
5672,4,1,3
5673,6,0,4
5674,1,1,3
5675,0,0,4
5676,1,0,1
5677,3,0,5
5678,5,1,6
5679,3,0,3
5680,2,0,3
5681,4,0,0
5682,4,1,5
5683,4,0,4
5684,4,1,4
5685,4,0,0
5686,5,0,3
5687,4,1,0
5688,5,0,5
5689,3,1,0
5690,4,1,1
5691,4,0,4
5692,3,0,6
5693,6,0,3
5694,4,0,3
5695,5,0,3
5696,6,0,3
5697,4,1,1
5698,5,0,5
5699,3,0,6
5700,1,1,1
5701,1,0,0
5702,4,0,5
5703,3,0,1
5704,4,0,4
5705,2,1,4
5706,3,0,1
5707,5,0,4
5708,2,0,1
5709,3,1,0
5710,1,1,6
5711,3,1,1
5712,3,0,1
5713,4,1,3
5714,6,0,1
5715,4,1,4
5716,4,1,3
5717,6,1,1
5718,4,0,0
5719,3,1,6
5720,2,1,6
5721,3,0,1
5722,1,1,0
5723,3,1,0
5724,1,1,6
5725,3,1,2
5726,6,1,5
5727,5,0,5
5728,5,1,5
5729,3,1,1
5730,4,0,6
5731,6,0,5
5732,1,0,5
5733,2,1,5
5734,3,0,3
5735,3,0,2
5736,5,0,3
5737,4,1,2
5738,3,1,1
5739,1,1,0
5740,1,0,2
5741,1,0,1
5742,2,0,2
5743,7,1,4
5744,4,0,0
5745,2,0,1
5746,6,1,2
5747,5,0,0
5748,0,1,4
5749,3,1,0
5750,1,1,3
5751,3,1,0
5752,1,0,4
5753,5,0,3
5754,3,0,5
5755,2,1,1
5756,4,0,1
5757,4,0,3
5758,7,0,4
5759,1,0,2
5760,4,0,3
5761,2,1,2
5762,5,0,1
5763,2,0,6
5764,3,1,1
5765,4,1,4
5766,3,0,1
5767,3,1,3
5768,1,0,4
5769,4,0,0
5770,1,0,4
5771,3,1,5
5772,1,1,1
5773,4,0,5
5774,3,1,6
5775,4,1,2
5776,4,0,4
5777,1,1,5
5778,5,1,5
5779,5,0,2
5780,2,1,5
5781,3,0,6
5782,4,1,5
5783,3,1,2
5784,1,0,0
5785,3,1,0
5786,1,1,1
5787,3,1,3
5788,6,0,4
5789,3,1,2
5790,1,0,2
5791,2,1,4
5792,3,0,3
5793,1,1,5
5794,3,1,1
5795,6,0,5
5796,1,0,0
5797,6,0,4
5798,3,1,3
5799,4,0,4
5800,3,1,2
5801,6,0,4
5802,3,0,3
5803,7,1,4
5804,3,1,3
5805,5,0,4
5806,5,1,1
5807,3,1,5
5808,1,0,1
5809,3,0,5
5810,2,1,5
5811,3,0,6
5812,2,0,1
5813,6,0,4
5814,4,0,6
5815,4,0,2
5816,3,1,3
5817,4,0,4
5818,4,0,4
5819,3,0,6
5820,4,0,3
5821,3,1,2
5822,3,1,2
5823,3,1,3
5824,3,0,0
5825,1,1,1
5826,4,0,1
5827,1,0,5
5828,4,1,3
5829,7,1,2
5830,4,1,5
5831,4,0,6
5832,4,1,1
5833,1,1,6
5834,2,1,1
5835,4,0,0
5836,4,0,3
5837,4,0,4
5838,3,0,2
5839,2,1,1
5840,7,1,3
5841,2,0,2
5842,8,0,6
5843,6,0,4
5844,5,0,5
5845,6,0,1
5846,5,0,4
5847,0,0,4
5848,4,0,3
5849,7,1,6
5850,2,1,0
5851,6,0,4
5852,6,0,5
5853,2,1,5
5854,3,1,2
5855,5,1,5
5856,3,1,0
5857,4,1,4
5858,3,0,1
5859,3,0,6
5860,0,1,0
5861,5,0,4
5862,3,1,3
5863,2,0,0
5864,5,0,3
5865,3,0,3
5866,6,0,0
5867,4,1,5
5868,3,0,3
5869,2,0,4
5870,3,0,3
5871,1,1,0
5872,6,1,2
5873,4,0,5
5874,5,1,0
5875,4,0,5
5876,4,0,3
5877,6,1,5
5878,3,0,2
5879,4,0,1
5880,5,1,2
5881,2,0,6
5882,4,1,6
5883,5,1,0
5884,5,0,2
5885,2,1,2
5886,3,1,2
5887,3,1,3
5888,2,1,6
5889,4,1,5
5890,6,1,4
5891,4,0,4
5892,3,1,2
5893,3,0,6
5894,6,0,3
5895,2,0,6
5896,2,0,1
5897,4,1,1
5898,3,0,5
5899,4,0,2
5900,2,1,2
5901,3,0,6
5902,3,1,3
5903,2,1,1
5904,5,0,1
5905,1,1,2
5906,3,1,4
5907,3,1,0
5908,3,0,0
5909,1,0,2
5910,1,0,5
5911,2,1,0
5912,2,1,1
5913,3,1,3
5914,3,1,5
5915,2,1,1
5916,3,1,2
5917,3,0,2
5918,2,0,6
5919,3,1,3
5920,2,1,2
5921,1,1,6
5922,1,0,1
5923,2,0,6
5924,3,1,0
5925,5,0,3
5926,1,1,5
5927,1,1,0
5928,4,1,0
5929,5,0,4
5930,6,0,4
5931,2,0,6
5932,5,0,4
5933,4,0,4
5934,5,1,0
5935,6,0,1
5936,0,1,3
5937,2,1,4
5938,3,1,3
5939,3,1,3
5940,3,0,3
5941,1,0,4
5942,4,0,3
5943,3,0,3
5944,6,0,5
5945,3,0,6
5946,6,1,4
5947,3,1,1
5948,3,1,0
5949,3,0,1
5950,1,0,3
5951,4,0,6
5952,1,0,2
5953,2,1,0
5954,3,1,6
5955,3,0,5
5956,0,1,3
5957,4,0,0
5958,2,0,3
5959,3,0,0
5960,6,0,3
5961,3,1,6
5962,3,0,1
5963,4,0,5
5964,6,0,4
5965,3,1,2
5966,3,1,3
5967,4,0,4
5968,1,1,3
5969,3,1,5
5970,4,1,3
5971,3,0,0
5972,4,1,2
5973,0,0,2
5974,3,0,3
5975,1,1,2
5976,4,0,5
5977,2,1,5
5978,5,1,0
5979,4,1,2
5980,5,0,5
5981,4,0,5
5982,5,0,5
5983,3,0,4
5984,4,0,3
5985,3,1,6
5986,3,1,3
5987,5,0,5
5988,3,1,6
5989,3,0,3
5990,3,1,0
5991,0,1,2
5992,2,0,6
5993,3,0,0
5994,1,0,1
5995,5,0,4
5996,4,0,6
5997,6,0,2
5998,4,0,3
5999,2,0,4
6000,0,0,3
6001,3,0,6
6002,4,1,3
6003,3,1,3
6004,4,0,3
6005,4,1,0
6006,3,0,3
6007,2,1,3
6008,1,0,5
6009,2,0,3
6010,5,0,4
6011,2,0,1
6012,3,1,4
6013,4,0,5
6014,4,0,6
6015,4,0,1
6016,3,0,2
6017,3,1,5
6018,2,1,4
6019,3,1,5
6020,3,1,2
6021,3,1,3
6022,4,1,4
6023,1,0,2
6024,5,1,1
6025,4,0,2
6026,3,1,3
6027,1,1,0
6028,2,1,6
6029,3,1,0
6030,5,0,1
6031,2,1,3
6032,3,1,3
6033,1,1,0
6034,3,1,5
6035,3,1,3
6036,4,1,5
6037,6,1,0
6038,5,0,3
6039,3,1,1
6040,4,0,3
6041,3,1,2
6042,5,0,1
6043,4,0,3
6044,4,0,6
6045,0,0,6
6046,4,0,4
6047,3,1,3
6048,4,0,4
6049,5,0,4
6050,2,1,2
6051,6,0,3
6052,1,0,6
6053,3,1,0
6054,3,1,1
6055,3,0,2
6056,1,1,1
6057,3,1,4
6058,4,1,2
6059,4,1,4
6060,3,1,3
6061,5,1,6
6062,2,1,6
6063,3,1,2
6064,2,0,4
6065,3,0,5
6066,4,0,3
6067,0,0,1
6068,3,1,6
6069,3,0,3
6070,5,1,1
6071,3,1,1
6072,4,1,3
6073,3,0,3
6074,1,1,1
6075,4,1,0
6076,3,1,4
6077,4,0,3
6078,3,1,4
6079,4,0,1
6080,4,0,6
6081,6,0,5
6082,5,0,3
6083,3,1,0
6084,2,1,1
6085,2,0,2
6086,7,1,3
6087,3,1,3
6088,3,0,3
6089,3,1,0
6090,4,0,1
6091,2,0,2
6092,3,0,5
6093,3,1,0
6094,1,1,4
6095,7,0,6
6096,2,0,4
6097,5,0,4
6098,2,1,1
6099,4,0,0
6100,3,1,0
6101,5,1,1
6102,7,0,3
6103,8,0,3
6104,5,0,1
6105,3,1,3
6106,3,0,2
6107,5,1,1
6108,3,0,4
6109,5,0,5
6110,3,0,3
6111,3,1,0
6112,4,0,5
6113,4,1,3
6114,3,0,1
6115,6,0,6
6116,7,0,4
6117,2,0,2
6118,4,0,2
6119,4,1,2
6120,3,1,3
6121,4,0,1
6122,1,0,6
6123,6,0,3
6124,4,1,3
6125,3,0,4
6126,4,1,1
6127,5,0,2
6128,6,0,4
6129,1,1,1
6130,1,1,2
6131,7,0,0
6132,4,1,3
6133,1,0,1
6134,4,0,5
6135,2,1,0
6136,3,1,0
6137,3,0,5
6138,4,0,3
6139,3,0,3
6140,4,1,4
6141,6,0,5
6142,3,1,6
6143,4,0,1
6144,6,0,2
6145,3,1,6
6146,1,0,0
6147,3,0,1
6148,5,1,5
6149,5,0,2
6150,2,1,4
6151,3,0,4
6152,4,0,2
6153,6,1,0
6154,4,1,1
6155,1,0,3
6156,6,0,1
6157,4,1,4
6158,2,1,2
6159,3,0,5
6160,4,1,6
6161,1,0,5
6162,2,0,0
6163,3,1,5
6164,2,1,1
6165,3,0,5
6166,4,0,0
6167,5,0,6
6168,3,0,6
6169,4,0,1
6170,1,0,1
6171,1,0,5
6172,4,0,4
6173,6,1,5
6174,5,0,3
6175,4,1,0
6176,1,0,0
6177,3,0,3
6178,3,1,3
6179,5,0,1
6180,3,0,1
6181,3,0,4
6182,2,1,6
6183,5,0,6
6184,8,1,3
6185,5,0,2
6186,3,1,0
6187,5,1,1
6188,3,0,3
6189,1,1,1
6190,3,0,0
6191,4,0,1
6192,3,1,1
6193,3,0,3
6194,3,1,0
6195,3,0,4
6196,3,1,2
6197,2,0,3
6198,4,0,3
6199,2,0,5
6200,3,0,5
6201,0,0,1
6202,4,0,6
6203,4,0,2
6204,3,0,2
6205,2,0,0
6206,3,1,1
6207,5,1,5
6208,3,0,3
6209,4,1,1
6210,3,1,5
6211,4,0,6
6212,3,0,0
6213,6,0,5
6214,5,0,0
6215,4,1,1
6216,1,0,0
6217,7,0,2
6218,3,0,3
6219,1,1,1
6220,4,0,3
6221,5,0,3
6222,4,0,4
6223,4,1,1
6224,3,1,2
6225,3,1,0
6226,2,1,5
6227,6,1,3
6228,4,1,6
6229,2,1,6
6230,5,0,2
6231,1,0,0
6232,1,1,1
6233,5,0,5
6234,4,0,3
6235,6,1,0
6236,3,1,3
6237,4,1,6
6238,5,1,4
6239,4,1,5
6240,6,0,4
6241,5,0,3
6242,5,0,4
6243,4,0,3
6244,4,1,3
6245,7,1,3
6246,5,0,0
6247,4,0,3
6248,5,0,4
6249,2,0,2
6250,3,1,6
6251,6,0,4
6252,4,0,5
6253,1,0,2
6254,0,1,0
6255,4,0,6
6256,4,1,0
6257,4,0,0
6258,6,0,0
6259,4,0,2
6260,4,0,3
6261,3,1,0
6262,3,1,5
6263,3,1,2
6264,5,0,1
6265,4,1,4
6266,1,1,6
6267,3,0,4
6268,3,1,3
6269,3,1,6
6270,4,0,3
6271,0,0,4
6272,4,0,5
6273,1,1,2
6274,4,0,4
6275,6,1,5
6276,6,1,2
6277,4,0,1
6278,3,1,1
6279,4,0,5
6280,4,0,6
6281,0,0,0
6282,4,0,4
6283,6,1,1
6284,3,1,4
6285,3,0,2
6286,5,0,4
6287,2,0,2
6288,3,1,3
6289,3,0,0
6290,5,1,3
6291,3,0,0
6292,2,0,5
6293,2,1,1
6294,4,1,4
6295,3,1,3
6296,3,0,5
6297,1,0,5
6298,4,1,2
6299,2,0,5
6300,4,0,3
6301,1,0,6
6302,0,0,3
6303,3,0,5
6304,4,1,0
6305,4,1,4
6306,5,0,5
6307,7,0,2
6308,2,0,1
6309,5,1,0
6310,3,1,3
6311,4,1,5
6312,4,0,3
6313,2,1,1
6314,5,0,6
6315,4,0,0
6316,2,1,3
6317,7,1,3
6318,6,1,4
6319,3,1,1
6320,3,0,3
6321,3,0,6
6322,3,0,4
6323,4,0,6
6324,2,1,0
6325,2,0,4
6326,4,0,4
6327,3,0,4
6328,3,1,2
6329,3,0,6
6330,4,0,1
6331,4,0,3
6332,3,0,2
6333,3,1,5
6334,5,0,5
6335,3,0,0
6336,4,1,4
6337,1,1,3
6338,2,0,0
6339,5,0,6
6340,4,0,6
6341,5,0,4
6342,1,1,0
6343,3,1,3
6344,1,1,6
6345,1,1,6
6346,4,1,3
6347,4,1,5
6348,0,1,5
6349,3,1,4
6350,5,0,2
6351,3,0,3
6352,3,0,3
6353,2,1,1
6354,6,0,6
6355,3,1,0
6356,3,0,4
6357,1,1,6
6358,4,1,1
6359,2,1,4
6360,2,1,3
6361,2,0,4
6362,5,0,6
6363,4,1,0
6364,6,0,3
6365,2,0,1
6366,4,0,1
6367,5,1,3
6368,4,1,3
6369,6,1,5
6370,5,0,3
6371,1,1,3
6372,2,1,5
6373,5,0,4
6374,6,0,1
6375,4,0,6
6376,1,1,5
6377,5,0,4
6378,4,1,3
6379,3,1,0
6380,6,1,1
6381,1,0,2
6382,1,1,6
6383,5,0,1
6384,3,1,0
6385,1,1,5
6386,2,0,1
6387,3,1,0
6388,3,0,0
6389,5,0,2
6390,2,1,3
6391,0,0,1
6392,3,1,0
6393,4,0,1
6394,2,1,4
6395,5,0,3
6396,1,1,3
6397,6,1,3
6398,3,1,1
6399,3,1,6
6400,4,1,6
6401,1,0,5
6402,3,1,0
6403,1,0,0
6404,3,0,2
6405,1,1,6
6406,4,1,0
6407,3,1,2
6408,1,0,2
6409,3,1,5
6410,4,1,3
6411,6,0,1
6412,4,1,2
6413,1,0,6
6414,7,1,4
6415,4,1,5
6416,4,0,0
6417,5,1,4
6418,3,1,6
6419,6,1,6
6420,4,0,1
6421,3,1,1
6422,4,0,6
6423,2,1,3
6424,4,1,5
6425,1,0,2
6426,4,0,1
6427,3,0,6
6428,4,1,3
6429,3,0,6
6430,3,0,5
6431,4,1,6
6432,7,1,1
6433,2,1,4
6434,4,0,5
6435,4,1,2
6436,2,0,0
6437,3,1,1
6438,3,1,3
6439,2,1,3
6440,2,1,5
6441,4,0,4
6442,2,0,4
6443,3,0,1
6444,4,1,6
6445,2,0,3
6446,1,1,5
6447,3,0,4
6448,3,0,3
6449,4,1,2
6450,3,0,3
6451,2,0,1
6452,1,1,1
6453,3,0,1
6454,3,0,5
6455,3,1,5
6456,3,1,1
6457,3,0,6
6458,4,0,1
6459,4,1,3
6460,4,0,4
6461,1,1,2
6462,4,1,6
6463,5,1,2
6464,1,1,6
6465,6,0,4
6466,5,1,3
6467,4,1,5
6468,7,0,3
6469,3,1,3
6470,4,0,0
6471,1,0,0
6472,5,1,6
6473,4,1,1
6474,0,0,1
6475,4,1,4
6476,7,0,3
6477,2,1,1
6478,5,0,4
6479,4,1,1
6480,4,1,3
6481,2,1,2
6482,3,0,5
6483,6,0,1
6484,3,1,0
6485,4,0,2
6486,4,1,2
6487,4,0,6
6488,4,1,2
6489,3,0,3
6490,4,1,5
6491,4,1,2
6492,2,0,2
6493,3,1,6
6494,5,1,6
6495,5,0,6
6496,2,1,0
6497,4,0,3
6498,5,1,3
6499,7,0,3
6500,4,1,6
6501,3,0,5
6502,3,0,5
6503,5,1,2
6504,4,1,0
6505,4,1,1
6506,4,0,6
6507,4,0,6
6508,4,1,1
6509,1,1,5
6510,2,0,2
6511,3,0,4
6512,3,0,1
6513,4,0,1
6514,4,0,3
6515,3,1,0
6516,2,1,0
6517,4,0,5
6518,6,1,2
6519,4,1,3
6520,4,1,2
6521,6,0,2
6522,3,1,6
6523,4,1,0
6524,6,1,0
6525,1,0,1
6526,1,0,0
6527,1,1,2
6528,6,1,3
6529,4,0,3
6530,2,0,6
6531,6,0,0
6532,3,1,4
6533,2,1,4
6534,3,0,2
6535,3,1,0
6536,7,1,1
6537,2,0,6
6538,3,1,6
6539,4,1,2
6540,5,0,5
6541,2,1,5
6542,0,0,3
6543,2,0,2
6544,6,0,4
6545,6,0,3
6546,5,0,1
6547,3,0,2
6548,3,1,3
6549,3,1,2
6550,4,1,5
6551,4,1,3
6552,3,1,1
6553,6,1,3
6554,1,0,0
6555,2,1,5
6556,3,0,0
6557,4,0,3
6558,8,1,6
6559,5,0,3
6560,1,0,4
6561,4,1,6
6562,2,1,5
6563,6,0,5
6564,1,0,3
6565,4,1,1
6566,4,1,5
6567,3,1,0
6568,4,0,0
6569,4,1,2
6570,4,0,2
6571,3,1,5
6572,4,1,3
6573,1,1,0
6574,1,0,4
6575,3,1,5
6576,3,0,3
6577,3,0,0
6578,3,1,3
6579,4,0,0
6580,5,0,0
6581,4,1,3
6582,3,1,1
6583,4,0,3
6584,6,0,6
6585,4,1,5
6586,3,0,6
6587,2,0,5
6588,4,0,3
6589,2,0,5
6590,2,1,1
6591,1,0,1
6592,4,0,5
6593,2,0,2
6594,3,0,6
6595,5,0,3
6596,2,1,2
6597,4,0,6
6598,2,1,5
6599,3,0,2
6600,3,0,0
6601,1,0,0
6602,6,0,6
6603,3,0,1
6604,2,1,5
6605,3,0,3
6606,0,0,2
6607,5,1,3
6608,4,0,5
6609,4,0,3
6610,5,1,5
6611,1,0,4
6612,5,1,3
6613,1,0,6
6614,5,0,5
6615,4,1,0
6616,4,1,0
6617,3,0,6
6618,3,0,3
6619,5,1,5
6620,7,0,0
6621,5,0,4
6622,3,1,3
6623,1,0,3
6624,1,0,2
6625,3,0,5
6626,3,1,2
6627,6,0,4
6628,2,1,1
6629,4,0,6
6630,5,0,0
6631,2,0,1
6632,2,1,5
6633,7,0,3
6634,3,0,1
6635,3,1,5
6636,5,1,3
6637,2,1,3
6638,3,1,4
6639,2,0,4
6640,2,0,1
6641,3,1,0
6642,6,0,1
6643,4,1,3
6644,6,0,4
6645,5,0,1
6646,5,0,3
6647,3,0,1
6648,3,0,3
6649,3,1,0
6650,4,0,3
6651,3,0,5
6652,7,0,3
6653,4,1,3
6654,4,0,3
6655,5,1,1
6656,1,0,5
6657,2,0,2
6658,4,1,2
6659,1,0,4
6660,4,0,6
6661,4,0,3
6662,5,1,4
6663,6,1,2
6664,3,0,2
6665,6,1,6
6666,4,1,1
6667,1,0,2
6668,3,1,0
6669,5,1,6
6670,3,1,5
6671,4,1,1
6672,3,0,5
6673,3,0,0
6674,3,1,3
6675,2,1,1
6676,4,0,1
6677,3,1,6
6678,5,0,4
6679,4,1,1
6680,4,0,1
6681,5,0,1
6682,4,1,6
6683,1,1,1
6684,1,0,0
6685,4,0,1
6686,5,0,1
6687,3,1,0
6688,4,0,1
6689,4,0,5
6690,3,0,6
6691,3,1,1
6692,3,0,2
6693,7,0,3
6694,3,1,0
6695,1,1,0
6696,6,0,3
6697,3,1,0
6698,3,1,4
6699,3,1,6
6700,3,1,2
6701,4,0,0
6702,4,1,5
6703,2,1,6
6704,3,0,2
6705,8,1,6
6706,4,0,4
6707,3,0,4
6708,1,0,1
6709,7,1,4
6710,6,1,3
6711,4,1,1
6712,2,1,2
6713,3,0,0
6714,7,1,2
6715,4,0,5
6716,2,0,2
6717,4,0,1
6718,5,1,6
6719,2,0,0
6720,1,1,0
6721,5,0,6
6722,5,0,0
6723,5,0,0
6724,6,1,3
6725,5,0,3
6726,6,0,5
6727,3,1,4
6728,4,1,3
6729,2,0,2
6730,4,1,5
6731,2,1,5
6732,5,0,1
6733,4,0,3
6734,4,1,6
6735,7,0,5
6736,4,0,4
6737,5,0,4
6738,5,1,2
6739,1,0,3
6740,0,0,0
6741,4,0,3
6742,3,1,1
6743,5,0,3
6744,2,1,5
6745,2,1,5
6746,2,1,2
6747,3,0,4
6748,1,1,1
6749,4,1,1
6750,1,0,2
6751,3,0,0
6752,2,1,1
6753,5,1,6
6754,0,0,2
6755,3,0,5
6756,3,1,0
6757,5,0,1
6758,3,1,1
6759,4,1,1
6760,3,0,5
6761,4,1,1
6762,3,1,3
6763,3,0,0
6764,2,0,6
6765,8,1,6
6766,2,0,6
6767,4,0,2
6768,6,1,2
6769,1,0,2
6770,4,1,2
6771,3,0,3
6772,4,1,6
6773,3,1,0
6774,1,0,2
6775,3,0,3
6776,3,1,6
6777,3,0,4
6778,4,0,1
6779,0,0,3
6780,2,1,5
6781,6,0,1
6782,3,0,4
6783,6,0,2
6784,3,1,2
6785,3,0,2
6786,5,0,5
6787,2,1,2
6788,5,0,1
6789,7,0,5
6790,2,1,4
6791,2,1,2
6792,1,1,0
6793,3,1,5
6794,3,0,0
6795,6,0,1
6796,3,1,2
6797,3,0,0
6798,3,0,4
6799,4,1,0
6800,3,0,1
6801,1,1,0
6802,1,1,1
6803,6,1,6
6804,2,1,2
6805,1,1,0
6806,4,0,0
6807,1,0,2
6808,3,1,2
6809,4,1,0
6810,4,1,3
6811,7,0,1
6812,2,1,2
6813,3,1,0
6814,4,0,4
6815,1,1,3
6816,1,0,6
6817,3,0,0
6818,3,1,0
6819,2,1,2
6820,4,1,1
6821,6,0,1
6822,5,0,1
6823,1,1,0
6824,2,1,1
6825,3,1,2
6826,7,0,3
6827,4,0,3
6828,3,0,2
6829,4,1,4
6830,3,1,1
6831,2,0,4
6832,3,1,2
6833,1,1,2
6834,4,0,1
6835,4,0,0
6836,4,0,5
6837,2,0,3
6838,4,1,3
6839,3,0,5
6840,2,1,5
6841,4,0,2
6842,4,0,4
6843,4,1,1
6844,5,0,3
6845,3,0,0
6846,0,1,4
6847,1,0,2
6848,3,0,5
6849,3,0,3
6850,3,0,0
6851,6,1,3
6852,3,1,3
6853,5,0,5
6854,3,1,0
6855,3,1,0
6856,4,1,3
6857,2,1,6
6858,6,0,3
6859,2,0,3
6860,3,1,1
6861,1,0,6
6862,5,1,2
6863,1,0,4
6864,5,1,0
6865,5,0,6
6866,4,0,0
6867,6,1,1
6868,3,0,4
6869,3,1,5
6870,0,0,2
6871,2,0,2
6872,3,0,2
6873,3,0,2
6874,0,0,3
6875,4,0,6
6876,5,0,0
6877,3,1,2
6878,7,1,3
6879,4,1,3
6880,3,1,6
6881,3,0,6
6882,4,1,0
6883,4,0,5
6884,1,1,5
6885,3,0,2
6886,6,1,5
6887,2,1,3
6888,1,1,0
6889,3,1,6
6890,5,0,0
6891,2,1,2
6892,4,0,1
6893,2,1,4
6894,4,1,5
6895,4,1,3
6896,5,0,3
6897,5,0,1
6898,3,1,3
6899,3,1,1
6900,5,0,0
6901,4,1,3
6902,0,1,2
6903,6,0,1
6904,3,1,4
6905,4,1,0
6906,4,1,4
6907,5,1,6
6908,7,0,5
6909,8,0,1
6910,2,1,5
6911,3,1,5
6912,3,0,3
6913,8,0,4
6914,3,0,3
6915,1,0,5
6916,4,0,1
6917,1,1,3
6918,2,0,1
6919,4,0,5
6920,4,1,0
6921,5,0,5
6922,4,0,0
6923,2,1,2
6924,3,0,3
6925,3,1,1
6926,3,1,1
6927,4,0,5
6928,2,0,2
6929,1,1,3
6930,1,0,5
6931,4,0,3
6932,4,1,3
6933,3,0,3
6934,4,1,5
6935,3,0,5
6936,4,0,5
6937,5,0,4
6938,6,0,1
6939,4,0,1
6940,3,1,1
6941,4,0,4
6942,4,1,2
6943,1,0,1
6944,4,0,2
6945,3,0,0
6946,1,0,2
6947,5,0,4
6948,4,1,3
6949,4,0,3
6950,4,1,3
6951,4,1,3
6952,3,1,3
6953,1,0,2
6954,6,0,6
6955,6,1,5
6956,0,1,5
6957,4,1,2
6958,1,1,2
6959,2,0,6
6960,7,1,1
6961,1,0,2
6962,4,0,1
6963,6,1,3
6964,3,0,3
6965,3,1,3
6966,5,1,4
6967,7,0,4
6968,4,1,2
6969,4,0,3
6970,3,1,5
6971,4,0,1
6972,7,0,6
6973,5,1,0
6974,3,1,5
6975,3,1,1
6976,2,0,6
6977,4,1,6
6978,3,1,2
6979,3,1,5
6980,3,0,6
6981,1,1,3
6982,2,0,2
6983,5,1,5
6984,4,0,5
6985,5,1,1
6986,3,0,4
6987,3,0,4
6988,4,1,1
6989,1,0,6
6990,3,1,0
6991,3,0,0
6992,3,0,1
6993,3,0,3
6994,4,0,0
6995,2,0,2
6996,2,0,4
6997,1,0,1
6998,4,0,1
6999,5,0,4
7000,6,0,0
7001,4,1,3
7002,3,0,0
7003,3,1,0
7004,4,0,5
7005,5,0,2
7006,2,0,4
7007,6,0,0
7008,2,0,2
7009,4,0,0
7010,1,1,3
7011,2,1,4
7012,4,1,5
7013,3,0,0
7014,6,0,3
7015,3,1,0
7016,4,1,2
7017,1,0,1
7018,4,0,1
7019,4,1,0
7020,1,1,4
7021,3,0,3
7022,3,1,5
7023,1,0,5
7024,2,0,1
7025,2,0,4
7026,3,1,1
7027,1,0,6
7028,2,0,2
7029,1,1,3
7030,5,0,2
7031,2,0,3
7032,2,0,6
7033,4,0,2
7034,2,1,5
7035,4,1,2
7036,7,0,1
7037,2,1,5
7038,5,1,2
7039,4,0,5
7040,6,0,6
7041,4,0,4
7042,3,1,4
7043,3,1,2
7044,6,1,0
7045,6,0,0
7046,5,0,5
7047,3,1,1
7048,1,0,5
7049,6,1,0
7050,3,1,0
7051,4,0,4
7052,0,1,2
7053,4,1,1
7054,8,1,6
7055,1,1,2
7056,5,0,5
7057,5,0,1
7058,7,0,2
7059,2,0,0
7060,2,1,5
7061,4,1,3
7062,4,0,6
7063,3,0,0
7064,3,1,4
7065,4,0,1
7066,5,0,5
7067,8,1,6
7068,6,0,3
7069,4,0,2
7070,2,0,2
7071,3,0,0
7072,0,0,0
7073,5,1,2
7074,5,1,1
7075,1,0,6
7076,4,0,3
7077,1,0,2
7078,3,1,1
7079,6,1,3
7080,4,0,0
7081,3,1,4
7082,3,1,6
7083,5,0,5
7084,1,1,2
7085,4,1,0
7086,3,0,0
7087,3,1,1
7088,3,1,2
7089,5,1,5
7090,3,1,3
7091,3,0,3
7092,4,0,4
7093,3,1,0
7094,5,1,5
7095,3,1,4
7096,5,0,3
7097,4,1,0
7098,3,1,3
7099,5,1,1
7100,1,0,2
7101,3,1,1
7102,3,0,0
7103,2,0,5
7104,4,0,5
7105,5,0,4
7106,0,1,3
7107,3,0,6
7108,3,1,0
7109,4,1,4
7110,5,1,5
7111,3,0,1
7112,1,0,4
7113,2,0,2
7114,4,0,3
7115,2,0,4
7116,2,0,6
7117,4,1,5
7118,3,0,2
7119,3,1,6
7120,7,0,5
7121,3,0,3
7122,3,1,4
7123,1,1,0
7124,3,1,1
7125,3,1,0
7126,4,0,2
7127,3,0,3
7128,3,0,5
7129,3,1,3
7130,1,0,4
7131,2,1,2
7132,5,0,6
7133,4,1,0
7134,7,0,0
7135,2,1,3
7136,2,0,4
7137,5,0,1
7138,5,1,3
7139,3,1,2
7140,0,0,0
7141,1,0,1
7142,3,1,0
7143,6,0,5
7144,2,0,0
7145,1,1,0
7146,5,0,1
7147,1,0,0
7148,4,1,3
7149,4,0,4
7150,3,1,5
7151,4,1,6
7152,2,1,5
7153,3,1,0
7154,5,0,1
7155,2,0,2
7156,5,0,6
7157,3,0,4
7158,2,0,5
7159,3,0,3
7160,4,1,1
7161,2,0,3
7162,4,0,4
7163,4,0,3
7164,3,0,0
7165,5,0,1
7166,2,0,2
7167,6,1,2
7168,1,0,2
7169,4,0,4
7170,3,0,1
7171,1,1,0
7172,1,0,1
7173,3,1,3
7174,3,1,1
7175,4,0,3
7176,1,1,6
7177,3,0,3
7178,5,1,5
7179,5,0,5
7180,3,0,3
7181,4,1,5
7182,6,1,6
7183,6,1,1
7184,3,1,0
7185,0,0,0
7186,3,0,3
7187,1,0,6
7188,4,1,2
7189,4,0,5
7190,3,1,5
7191,7,1,1
7192,3,0,0
7193,3,0,5
7194,6,0,6
7195,1,1,1
7196,4,0,5
7197,1,1,1
7198,1,1,6
7199,1,1,3
7200,4,0,6
7201,2,1,1
7202,3,1,4
7203,2,1,1
7204,7,0,4
7205,4,1,3
7206,2,1,3
7207,4,0,2
7208,3,1,3
7209,3,1,3
7210,7,0,4
7211,1,1,2
7212,1,0,0
7213,4,0,6
7214,1,0,2
7215,3,0,4
7216,4,0,3
7217,1,0,2
7218,3,1,0
7219,4,0,5
7220,3,1,5
7221,6,0,0
7222,3,1,5
7223,1,1,2
7224,2,1,2
7225,4,1,1
7226,2,1,6
7227,4,0,5
7228,1,1,0
7229,3,1,5
7230,4,0,0
7231,5,1,3
7232,5,1,3
7233,3,1,5
7234,4,0,4
7235,3,0,5
7236,4,1,1
7237,5,1,5
7238,0,1,2
7239,1,0,1
7240,4,0,3
7241,5,1,6
7242,2,0,4
7243,2,1,4
7244,5,0,4
7245,5,0,5
7246,7,0,2
7247,3,1,0
7248,4,0,3
7249,2,1,5
7250,5,0,1
7251,1,0,2
7252,3,1,2
7253,3,1,5
7254,6,1,1
7255,2,0,5
7256,6,0,3
7257,4,1,5
7258,3,1,4
7259,4,0,3
7260,1,0,1
7261,3,1,6
7262,0,0,2
7263,2,0,3
7264,4,1,6
7265,3,0,3
7266,1,1,6
7267,3,0,5
7268,6,1,1
7269,2,1,6
7270,3,1,5
7271,2,1,0
7272,8,1,1
7273,3,0,2
7274,7,0,5
7275,1,1,5
7276,2,1,4
7277,6,0,0
7278,5,0,5
7279,3,1,3
7280,2,1,1
7281,3,0,1
7282,4,1,0
7283,2,1,5
7284,4,0,5
7285,4,0,5
7286,3,0,6
7287,4,1,0
7288,4,0,4
7289,2,1,6
7290,2,0,3
7291,7,1,5
7292,6,1,6
7293,4,0,4
7294,4,0,4
7295,5,0,3
7296,6,1,1
7297,2,1,6
7298,3,0,4
7299,3,0,3
7300,4,1,6
7301,4,0,5
7302,2,1,3
7303,4,1,2
7304,6,0,5
7305,4,0,5
7306,3,0,2
7307,3,0,1
7308,3,1,5
7309,2,0,2
7310,3,0,0
7311,4,0,6
7312,5,0,3
7313,4,0,4
7314,1,0,2
7315,1,0,5
7316,3,1,3
7317,3,1,6
7318,3,0,6
7319,4,0,3
7320,6,0,4
7321,4,0,2
7322,2,1,1
7323,5,0,1
7324,3,1,1
7325,4,0,6
7326,4,1,5
7327,2,0,4
7328,3,1,6
7329,6,0,3
7330,5,0,5
7331,1,0,3
7332,3,0,6
7333,3,1,0
7334,5,0,1
7335,5,1,2
7336,3,1,1
7337,3,1,3
7338,4,1,3
7339,6,1,1
7340,3,1,0
7341,3,1,3
7342,1,0,1
7343,7,0,4
7344,4,0,4
7345,3,1,4
7346,3,1,6
7347,3,1,0
7348,4,0,1
7349,5,0,3
7350,1,0,0
7351,4,1,6
7352,3,1,3
7353,4,0,5
7354,5,1,2
7355,6,0,5
7356,3,1,2
7357,6,1,3
7358,5,0,0
7359,4,0,1
7360,3,0,0
7361,2,1,0
7362,4,0,0
7363,3,0,3
7364,4,0,3
7365,4,0,4
7366,2,1,0
7367,5,0,0
7368,3,1,3
7369,2,1,5
7370,3,0,5
7371,3,1,0
7372,3,1,0
7373,5,0,5
7374,5,0,3
7375,2,0,2
7376,4,1,1
7377,4,0,5
7378,2,0,0
7379,8,0,1
7380,1,0,5
7381,6,0,6
7382,4,0,6
7383,6,0,5
7384,7,1,1
7385,5,0,2
7386,8,1,5
7387,3,1,4
7388,4,0,4
7389,4,0,2
7390,3,1,0
7391,7,0,1
7392,1,1,1
7393,3,0,0
7394,4,1,3
7395,5,0,5
7396,2,1,1
7397,3,0,2
7398,2,0,0
7399,1,0,2
7400,2,0,2
7401,2,1,3
7402,2,1,2
7403,4,1,3
7404,3,1,1
7405,3,0,0
7406,4,1,6
7407,2,1,3
7408,2,0,0
7409,1,0,2
7410,3,0,2
7411,2,0,3
7412,2,0,1
7413,2,0,4
7414,5,1,5
7415,3,0,3
7416,4,0,6
7417,3,1,6
7418,1,1,2
7419,3,0,0
7420,2,0,1
7421,1,1,6
7422,3,1,3
7423,3,1,0
7424,3,1,1
7425,3,0,5
7426,5,1,5
7427,3,0,1
7428,3,1,2
7429,3,1,5
7430,3,1,1
7431,4,0,6
7432,3,0,1
7433,2,1,0
7434,1,0,0
7435,2,1,0
7436,4,0,3
7437,3,0,1
7438,7,1,0
7439,4,1,5
7440,4,0,3
7441,3,0,0
7442,2,1,3
7443,3,1,2
7444,4,0,4
7445,3,0,3
7446,1,1,6
7447,3,0,3
7448,3,1,3
7449,1,1,5
7450,4,1,5
7451,5,0,4
7452,3,1,3
7453,3,1,3
7454,2,1,6
7455,4,1,3
7456,6,1,5
7457,3,1,3
7458,2,0,1
7459,5,1,0
7460,4,1,2
7461,4,0,0
7462,5,0,4
7463,3,0,6
7464,5,0,3
7465,1,0,0
7466,5,0,3
7467,4,1,3
7468,7,1,3
7469,7,0,5
7470,3,0,3
7471,3,0,3
7472,5,1,3
7473,1,0,6
7474,3,1,0
7475,6,1,0
7476,3,0,5
7477,3,1,1
7478,5,0,6
7479,4,1,5
7480,3,1,0
7481,4,1,5
7482,3,1,6
7483,4,1,0
7484,3,1,6
7485,3,1,2
7486,3,1,2
7487,2,0,2
7488,5,1,3
7489,3,0,5
7490,6,1,0
7491,2,1,3
7492,4,0,1
7493,2,0,2
7494,2,1,6
7495,3,0,2
7496,4,1,4
7497,3,1,1
7498,7,1,5
7499,3,1,3
7500,2,1,1
7501,3,1,2
7502,3,1,0
7503,3,1,4
7504,4,1,5
7505,5,0,5
7506,2,1,6
7507,4,1,3
7508,3,1,3
7509,4,1,3
7510,4,0,2
7511,6,0,0
7512,3,1,2
7513,3,0,5
7514,3,0,1
7515,3,1,2
7516,3,0,3
7517,4,0,5
7518,5,0,6
7519,1,0,6
7520,4,0,4
7521,2,1,5
7522,6,0,5
7523,5,1,5
7524,7,0,4
7525,3,1,0
7526,5,0,1
7527,5,1,6
7528,2,1,6
7529,3,1,6
7530,1,0,2
7531,4,1,6
7532,5,0,3
7533,4,1,6
7534,3,0,5
7535,5,0,6
7536,7,0,3
7537,3,1,6
7538,1,1,0
7539,3,1,1
7540,6,0,3
7541,6,0,5
7542,4,0,4
7543,1,0,5
7544,4,0,4
7545,4,0,4
7546,1,1,2
7547,2,1,2
7548,1,0,6
7549,5,1,6
7550,3,0,3
7551,5,0,3
7552,5,1,1
7553,7,0,1
7554,4,0,1
7555,3,0,2
7556,3,0,0
7557,3,1,5
7558,4,1,3
7559,1,0,4
7560,5,1,5
7561,1,1,5
7562,3,1,4
7563,3,0,1
7564,4,1,0
7565,2,1,2
7566,4,0,3
7567,1,0,3
7568,1,1,4
7569,1,0,3
7570,6,0,3
7571,6,1,5
7572,5,1,2
7573,5,1,5
7574,5,0,5
7575,4,0,4
7576,1,0,2
7577,5,0,6
7578,1,0,5
7579,3,1,5
7580,3,1,0
7581,5,0,4
7582,4,1,3
7583,4,0,1
7584,3,1,0
7585,3,1,1
7586,3,1,3
7587,3,1,1
7588,2,1,1
7589,5,1,5
7590,3,1,5
7591,1,0,4
7592,6,0,3
7593,5,0,4
7594,1,0,3
7595,4,1,2
7596,3,1,3
7597,3,1,2
7598,3,0,6
7599,3,1,6
7600,2,0,5
7601,4,1,0
7602,3,0,5
7603,6,0,5
7604,4,0,2
7605,4,0,2
7606,2,1,5
7607,3,0,5
7608,4,1,3
7609,3,1,3
7610,4,0,3
7611,3,1,6
7612,6,0,3
7613,5,1,5
7614,3,1,0
7615,4,0,0
7616,6,0,5
7617,5,1,2
7618,2,1,5
7619,3,1,0
7620,4,1,5
7621,4,1,2
7622,6,0,4
7623,3,1,6
7624,3,0,0
7625,3,1,5
7626,6,0,4
7627,3,1,3
7628,4,1,3
7629,1,0,1
7630,3,0,3
7631,4,0,0
7632,6,1,3
7633,1,1,3
7634,2,1,1
7635,3,0,3
7636,2,0,1
7637,7,1,3
7638,4,0,3
7639,6,0,4
7640,3,0,0
7641,4,1,0
7642,4,1,6
7643,1,0,2
7644,5,0,6
7645,4,0,4
7646,0,1,3
7647,4,0,2
7648,3,1,1
7649,1,0,5
7650,7,1,6
7651,1,0,1
7652,3,0,5
7653,5,1,2
7654,3,1,0
7655,3,1,1
7656,4,1,5
7657,4,0,4
7658,4,1,5
7659,3,0,6
7660,3,1,0
7661,4,1,0
7662,4,0,6
7663,5,0,3
7664,6,0,5
7665,2,1,3
7666,5,1,3
7667,4,0,3
7668,3,0,0
7669,1,0,6
7670,5,0,5
7671,3,0,1
7672,5,1,1
7673,6,0,2
7674,4,0,6
7675,5,1,5
7676,5,0,5
7677,3,0,6
7678,3,0,6
7679,3,1,3
7680,3,0,5
7681,4,0,3
7682,3,1,0
7683,4,0,0
7684,6,1,0
7685,1,1,4
7686,4,1,5
7687,8,0,4
7688,4,0,0
7689,2,1,0
7690,5,1,3
7691,2,1,6
7692,3,1,1
7693,6,0,3
7694,4,0,2
7695,2,0,6
7696,5,0,4
7697,5,1,6
7698,1,1,5
7699,3,0,3
7700,7,0,3
7701,4,0,6
7702,6,0,4
7703,1,0,1
7704,3,1,3
7705,4,1,6
7706,3,1,6
7707,4,1,2
7708,6,0,6
7709,2,0,3
7710,3,0,5
7711,4,1,0
7712,3,1,3
7713,3,1,2
7714,4,1,5
7715,4,1,6
7716,3,1,5
7717,5,0,2
7718,5,1,1
7719,3,1,3
7720,4,0,4
7721,3,1,1
7722,3,0,1
7723,5,0,0
7724,3,1,6
7725,5,1,0
7726,3,1,3
7727,1,1,6
7728,3,0,3
7729,3,1,0
7730,3,0,0
7731,3,1,2
7732,1,0,0
7733,4,0,4
7734,4,0,0
7735,5,0,4
7736,4,1,5
7737,3,1,2
7738,4,1,4
7739,1,0,2
7740,4,1,1
7741,3,1,5
7742,1,1,0
7743,5,0,4
7744,3,0,1
7745,3,0,1
7746,1,1,4
7747,3,1,1
7748,7,1,2
7749,4,1,6
7750,4,0,1
7751,3,1,5
7752,2,0,6
7753,4,1,5
7754,4,0,3
7755,2,1,6
7756,3,1,4
7757,7,0,0
7758,3,1,0
7759,3,1,0
7760,5,0,4
7761,3,1,1
7762,6,0,2
7763,6,1,1
7764,2,1,4
7765,5,0,4
7766,4,0,1
7767,3,0,0
7768,6,1,5
7769,3,0,6
7770,1,0,3
7771,6,1,1
7772,6,0,3
7773,3,1,0
7774,3,0,1
7775,3,1,3
7776,1,0,4
7777,4,1,3
7778,1,0,0
7779,4,1,2
7780,2,0,5
7781,1,1,0
7782,7,0,4
7783,6,1,2
7784,8,0,1
7785,2,1,3
7786,1,0,2
7787,1,0,1
7788,4,1,2
7789,4,0,3
7790,3,1,0
7791,3,1,3
7792,5,0,6
7793,1,0,2
7794,3,1,0
7795,4,0,4
7796,3,1,3
7797,3,1,3
7798,6,1,6
7799,8,0,0
7800,5,0,4
7801,3,0,5
7802,3,0,3
7803,4,1,3
7804,3,1,6
7805,3,0,4
7806,2,1,2
7807,2,1,0
7808,1,0,3
7809,4,0,1
7810,3,0,5
7811,5,0,6
7812,3,0,0
7813,4,0,4
7814,1,1,1
7815,4,1,2
7816,5,1,1
7817,4,0,2
7818,5,0,6
7819,5,1,1
7820,3,1,0
7821,4,0,2
7822,1,0,2
7823,1,0,6
7824,2,0,6
7825,4,1,1
7826,1,0,6
7827,4,1,0
7828,7,0,0
7829,3,1,0
7830,2,1,4
7831,6,1,4
7832,3,0,0
7833,5,1,2
7834,6,1,3
7835,3,1,3
7836,3,1,2
7837,7,1,1
7838,4,0,0
7839,3,0,4
7840,4,0,4
7841,4,0,3
7842,4,0,3
7843,3,1,5
7844,8,1,1
7845,4,1,2
7846,0,0,3
7847,5,0,3
7848,1,0,3
7849,0,0,0
7850,3,0,0
7851,2,1,1
7852,6,0,3
7853,2,0,4
7854,3,1,5
7855,2,0,5
7856,3,1,0
7857,4,1,3
7858,4,1,1
7859,1,1,1
7860,5,0,2
7861,0,0,6
7862,4,0,5
7863,3,1,3
7864,4,1,5
7865,4,1,1
7866,4,1,1
7867,3,1,3
7868,3,1,1
7869,3,1,5
7870,1,1,1
7871,4,0,2
7872,3,1,6
7873,6,0,0
7874,3,0,5
7875,5,1,2
7876,5,1,5
7877,3,0,0
7878,3,1,6
7879,3,0,5
7880,4,0,4
7881,4,1,3
7882,4,1,2
7883,3,0,1
7884,3,0,0
7885,3,1,0
7886,6,0,4
7887,4,1,0
7888,7,1,0
7889,3,1,5
7890,0,1,3
7891,3,1,2
7892,2,1,2
7893,8,1,1
7894,4,1,5
7895,1,0,0
7896,3,0,5
7897,3,1,3
7898,5,0,5
7899,3,0,3
7900,3,1,0
7901,5,0,3
7902,6,0,3
7903,1,1,6
7904,3,0,3
7905,3,1,3
7906,4,1,2
7907,3,0,6
7908,7,1,3
7909,4,1,2
7910,7,0,3
7911,4,0,1
7912,4,0,5
7913,2,1,0
7914,4,0,4
7915,3,1,0
7916,5,1,1
7917,1,1,5
7918,6,1,3
7919,3,1,1
7920,4,0,5
7921,1,0,3
7922,0,0,6
7923,3,0,1
7924,1,1,5
7925,3,0,5
7926,4,0,6
7927,3,0,2
7928,3,0,3
7929,3,1,0
7930,2,0,4
7931,4,1,3
7932,4,0,3
7933,3,1,3
7934,5,0,0
7935,3,1,5
7936,3,1,4
7937,4,1,5
7938,4,0,5
7939,5,0,6
7940,3,1,5
7941,3,0,2
7942,1,0,6
7943,3,0,2
7944,3,1,6
7945,3,0,0
7946,5,1,2
7947,0,0,0
7948,2,0,2
7949,6,1,1
7950,3,1,2
7951,1,0,0
7952,4,1,2
7953,4,1,2
7954,1,0,1
7955,5,0,0
7956,3,1,6
7957,3,1,3
7958,6,0,5
7959,5,0,2
7960,0,1,6
7961,6,0,6
7962,5,1,2
7963,1,1,0
7964,5,0,5
7965,1,0,2
7966,3,0,4
7967,3,1,5
7968,2,0,3
7969,5,1,1
7970,3,0,5
7971,3,1,6
7972,4,1,5
7973,3,0,1
7974,3,0,6
7975,0,1,2
7976,3,0,2
7977,4,1,2
7978,5,1,3
7979,4,0,5
7980,1,0,4
7981,4,0,3
7982,3,1,1
7983,6,1,5
7984,4,0,6
7985,4,0,6
7986,4,0,5
7987,6,0,5
7988,1,0,2
7989,3,0,4
7990,6,1,6
7991,4,0,3
7992,6,0,6
7993,2,0,0
7994,3,0,2
7995,3,1,0
7996,4,0,1
7997,3,1,0
7998,2,0,2
7999,3,0,0
8000,4,0,2
8001,0,0,3
8002,1,1,0
8003,2,0,0
8004,2,0,2
8005,1,0,2
8006,4,1,3
8007,1,1,6
8008,4,1,3
8009,5,1,1
8010,4,0,4
8011,5,0,0
8012,4,1,5
8013,3,1,3
8014,4,1,5
8015,7,0,3
8016,4,0,4
8017,1,0,2
8018,3,1,1
8019,2,0,6
8020,7,0,6
8021,7,1,6
8022,4,1,0
8023,1,1,6
8024,5,1,5
8025,4,1,0
8026,3,0,3
8027,1,0,0
8028,4,1,6
8029,4,0,1
8030,2,1,6
8031,3,1,3
8032,6,0,0
8033,5,0,4
8034,4,0,4
8035,5,0,1
8036,3,0,5
8037,5,1,0
8038,0,1,5
8039,6,0,4
8040,4,0,4
8041,5,0,1
8042,3,1,3
8043,3,0,0
8044,6,1,3
8045,3,0,2
8046,1,1,1
8047,4,0,2
8048,3,1,2
8049,2,0,6
8050,4,0,2
8051,3,0,3
8052,3,0,5
8053,3,1,6
8054,3,0,0
8055,2,0,1
8056,6,0,0
8057,3,1,3
8058,4,0,0
8059,4,0,6
8060,4,0,3
8061,5,1,5
8062,5,0,0
8063,4,0,0
8064,4,0,2
8065,1,1,0
8066,3,0,3
8067,1,0,1
8068,3,1,6
8069,4,0,0
8070,3,0,3
8071,2,0,6
8072,7,1,4
8073,8,0,1
8074,1,1,0
8075,1,0,3
8076,1,0,0
8077,4,1,5
8078,4,0,2
8079,4,1,0
8080,1,0,6
8081,4,0,2
8082,3,0,0
8083,1,1,6
8084,7,0,4
8085,4,0,0
8086,4,0,0
8087,1,0,2
8088,5,1,5
8089,3,1,3
8090,1,1,5
8091,5,1,1
8092,3,1,2
8093,3,1,0
8094,3,0,5
8095,7,0,4
8096,2,0,3
8097,3,0,0
8098,3,0,0
8099,3,0,0
8100,5,0,3
8101,4,0,3
8102,3,1,5
8103,2,1,3
8104,3,1,0
8105,2,1,5
8106,3,1,0
8107,4,0,0
8108,3,1,0
8109,2,0,5
8110,5,0,5
8111,4,0,4
8112,5,1,1
8113,4,0,0
8114,4,0,6
8115,3,1,5
8116,3,0,4
8117,6,1,6
8118,3,1,3
8119,2,1,1
8120,3,1,1
8121,2,0,4
8122,2,0,6
8123,3,1,2
8124,6,0,0
8125,5,1,4
8126,1,1,3
8127,3,1,4
8128,4,1,4
8129,5,0,4
8130,3,1,3
8131,3,1,6
8132,3,1,0
8133,4,0,2
8134,3,1,3
8135,7,1,5
8136,5,0,0
8137,3,1,0
8138,4,1,2
8139,4,0,6
8140,5,1,6
8141,4,0,5
8142,5,0,0
8143,4,1,1
8144,4,0,3
8145,5,0,2
8146,5,1,0
8147,3,1,6
8148,4,0,2
8149,3,0,4
8150,4,1,3
8151,3,1,3
8152,5,0,3
8153,5,0,5
8154,2,1,2
8155,3,1,3
8156,7,1,1
8157,3,1,3
8158,3,1,3
8159,6,0,4
8160,2,1,1
8161,2,0,1
8162,6,1,4
8163,3,1,3
8164,5,0,4
8165,5,1,5
8166,4,1,0
8167,4,0,0
8168,4,0,1
8169,3,1,3
8170,3,0,1
8171,4,0,2
8172,1,0,2
8173,5,1,1
8174,1,1,0
8175,2,1,5
8176,5,1,3
8177,3,1,5
8178,6,0,3
8179,3,0,5
8180,0,0,4
8181,2,0,6
8182,3,1,4
8183,3,0,4
8184,4,0,6
8185,3,1,0
8186,2,0,5
8187,3,0,1
8188,3,0,1
8189,2,0,0
8190,4,1,3
8191,3,1,3
8192,4,0,3
8193,3,1,6
8194,2,1,3
8195,2,1,6
8196,6,1,2
8197,3,1,1
8198,4,0,5
8199,1,0,2
8200,4,0,4
8201,1,1,5
8202,4,0,2
8203,2,0,0
8204,3,0,6
8205,5,0,4
8206,6,1,1
8207,8,0,4
8208,3,1,1
8209,2,1,5
8210,4,0,4
8211,5,0,2
8212,1,0,4
8213,4,0,5
8214,4,0,0
8215,3,0,4
8216,6,0,1
8217,3,1,3
8218,3,1,6
8219,4,0,3
8220,3,1,0
8221,2,0,2
8222,4,1,6
8223,3,0,5
8224,4,1,3
8225,1,1,2
8226,5,0,3
8227,3,1,3
8228,3,0,1
8229,3,0,4
8230,3,0,4
8231,3,1,2
8232,1,1,0
8233,2,0,1
8234,2,1,0
8235,3,1,2
8236,1,1,6
8237,5,0,3
8238,1,0,0
8239,2,0,5
8240,4,0,3
8241,6,1,1
8242,4,1,0
8243,5,0,1
8244,3,1,3
8245,6,0,4
8246,4,0,2
8247,5,0,2
8248,5,0,6
8249,4,0,5
8250,7,1,4
8251,3,1,3
8252,4,1,4
8253,3,0,5
8254,5,0,5
8255,4,0,3
8256,2,0,3
8257,4,0,1
8258,3,0,2
8259,4,1,0
8260,3,0,5
8261,5,1,3
8262,3,1,6
8263,4,0,1
8264,1,0,3
8265,3,0,2
8266,1,1,3
8267,0,0,6
8268,1,0,6
8269,4,1,3
8270,3,1,6
8271,4,1,5
8272,3,0,4
8273,7,0,0
8274,3,1,5
8275,2,1,5
8276,3,1,3
8277,4,1,1
8278,5,1,3
8279,4,1,0
8280,3,1,5
8281,4,0,0
8282,1,0,5
8283,1,0,4
8284,4,1,3
8285,6,0,3
8286,5,1,6
8287,4,0,1
8288,5,1,5
8289,5,0,1
8290,5,1,5
8291,3,1,0
8292,3,0,2
8293,4,1,6
8294,5,0,6
8295,1,1,2
8296,5,0,5
8297,3,0,3
8298,2,1,6
8299,2,1,6
8300,7,0,2
8301,2,0,5
8302,2,0,2
8303,4,1,3
8304,5,1,5
8305,4,1,3
8306,5,0,6
8307,3,1,5
8308,4,0,3
8309,5,0,3
8310,6,1,5
8311,3,1,2
8312,5,0,3
8313,3,0,6
8314,1,0,5
8315,3,1,5
8316,6,0,3
8317,3,1,1
8318,4,1,0
8319,3,0,3
8320,1,0,2
8321,3,0,6
8322,1,0,4
8323,4,1,1
8324,3,1,4
8325,6,0,6
8326,3,1,1
8327,5,1,6
8328,5,0,5
8329,2,0,6
8330,2,1,4
8331,1,1,2
8332,4,1,0
8333,2,0,5
8334,3,1,0
8335,8,0,4
8336,3,1,0
8337,4,1,1
8338,3,1,0
8339,5,0,1
8340,5,0,4
8341,3,0,4
8342,2,1,1
8343,5,0,5
8344,1,1,0
8345,2,1,5
8346,4,1,0
8347,3,0,4
8348,4,0,3
8349,5,0,3
8350,3,0,5
8351,3,1,5
8352,3,0,3
8353,5,1,2
8354,3,1,1
8355,4,1,1
8356,7,0,6
8357,4,0,5
8358,4,1,5
8359,1,0,0
8360,3,1,5
8361,3,1,6
8362,2,0,2
8363,8,1,2
8364,3,1,3
8365,4,1,6
8366,7,1,1
8367,4,1,0
8368,2,0,5
8369,3,1,3
8370,4,1,0
8371,1,1,1
8372,3,0,2
8373,1,1,6
8374,0,1,3
8375,1,0,4
8376,3,1,3
8377,3,1,5
8378,3,0,6
8379,7,1,5
8380,1,0,2
8381,3,1,3
8382,6,0,2
8383,7,0,4
8384,2,0,5
8385,4,0,3
8386,2,0,1
8387,0,0,1
8388,3,1,3
8389,4,0,1
8390,0,0,4
8391,5,0,4
8392,4,1,1
8393,4,1,2
8394,6,0,4
8395,2,1,2
8396,7,0,6
8397,2,1,1
8398,3,0,3
8399,4,0,0
8400,5,1,3
8401,4,1,5
8402,4,1,5
8403,5,1,6
8404,4,0,3
8405,4,0,4
8406,4,0,4
8407,1,1,3
8408,4,0,0
8409,4,0,6
8410,1,0,1
8411,4,0,5
8412,3,0,6
8413,1,1,0
8414,6,0,3
8415,7,0,3
8416,6,0,5
8417,2,1,0
8418,0,0,0
8419,1,0,6
8420,4,0,4
8421,1,1,0
8422,3,1,5
8423,3,1,0
8424,4,0,0
8425,1,0,1
8426,1,0,0
8427,7,1,4
8428,4,0,5
8429,3,0,1
8430,3,0,2
8431,5,0,2
8432,1,0,3
8433,2,1,2
8434,3,0,6
8435,3,1,6
8436,6,1,1
8437,3,1,5
8438,3,0,0
8439,3,0,3
8440,4,1,3
8441,5,1,2
8442,5,0,2
8443,4,1,1
8444,5,0,2
8445,3,0,3
8446,2,0,5
8447,2,1,2
8448,3,0,0
8449,5,1,5
8450,0,1,2
8451,4,0,1
8452,4,1,4
8453,3,0,1
8454,3,0,3
8455,1,0,6
8456,4,1,3
8457,6,1,2
8458,3,1,1
8459,7,0,3
8460,4,1,4
8461,4,0,0
8462,1,1,0
8463,5,0,6
8464,4,1,6
8465,4,0,2
8466,5,1,1
8467,3,0,6
8468,5,0,5
8469,4,1,3
8470,4,1,5
8471,3,1,5
8472,3,0,4
8473,4,1,5
8474,3,0,3
8475,4,1,5
8476,3,0,5
8477,3,1,4
8478,4,0,3
8479,2,1,1
8480,4,0,2
8481,3,0,3
8482,3,1,3
8483,5,0,1
8484,0,1,6
8485,6,0,3
8486,3,1,0
8487,3,1,3
8488,5,0,5
8489,3,1,0
8490,4,1,3
8491,3,1,0
8492,1,0,2
8493,3,0,6
8494,5,1,5
8495,3,0,5
8496,3,1,0
8497,3,1,3
8498,6,0,1
8499,6,1,4
8500,4,1,3
8501,4,0,5
8502,3,0,4
8503,4,0,4
8504,3,0,3
8505,4,1,1
8506,3,1,3
8507,5,1,0
8508,7,0,5
8509,4,0,4
8510,7,0,3
8511,4,0,3
8512,5,1,2
8513,5,1,5
8514,3,0,3
8515,3,0,2
8516,3,1,2
8517,4,0,4
8518,4,1,6
8519,3,0,5
8520,4,0,2
8521,4,0,6
8522,4,0,1
8523,3,1,0
8524,5,0,5
8525,6,0,1
8526,3,1,0
8527,4,0,6
8528,3,1,3
8529,4,1,0
8530,5,0,3
8531,3,1,4
8532,1,0,5
8533,3,0,6
8534,7,1,5
8535,3,1,4
8536,5,1,3
8537,0,1,3
8538,4,0,3
8539,1,0,5
8540,3,1,3
8541,2,0,3
8542,3,1,5
8543,3,0,2
8544,4,0,1
8545,6,0,2
8546,1,1,5
8547,5,1,5
8548,3,1,2
8549,3,0,3
8550,1,0,3
8551,4,0,0
8552,2,1,1
8553,6,1,2
8554,4,1,3
8555,3,1,3
8556,1,0,2
8557,5,1,1
8558,6,1,2
8559,3,0,6
8560,4,0,6
8561,0,0,0
8562,6,0,3
8563,3,0,5
8564,4,0,5
8565,4,0,3
8566,4,1,1
8567,1,1,6
8568,3,0,5
8569,2,1,0
8570,3,0,3
8571,3,0,5
8572,4,0,4
8573,4,0,4
8574,4,0,2
8575,4,0,3
8576,5,0,5
8577,5,1,3
8578,0,0,3
8579,3,1,5
8580,3,1,6
8581,1,0,2
8582,3,0,2
8583,4,0,0
8584,3,1,1
8585,3,1,2
8586,1,1,0
8587,8,0,4
8588,1,0,2
8589,7,1,2
8590,2,0,0
8591,1,0,2
8592,4,1,2
8593,1,0,1
8594,5,1,5
8595,4,1,5
8596,3,1,2
8597,3,0,1
8598,4,0,6
8599,7,0,1
8600,1,0,0
8601,6,0,5
8602,5,1,6
8603,3,1,6
8604,5,1,6
8605,4,0,5
8606,3,1,3
8607,6,1,5
8608,1,0,2
8609,3,0,3
8610,2,1,1
8611,3,1,4
8612,4,0,0
8613,2,0,1
8614,3,1,1
8615,4,0,3
8616,3,1,4
8617,7,0,5
8618,4,1,3
8619,3,1,6
8620,3,1,3
8621,3,0,3
8622,6,1,0
8623,4,0,1
8624,3,1,3
8625,3,0,3
8626,2,1,0
8627,2,0,5
8628,5,0,0
8629,3,0,4
8630,4,0,2
8631,3,1,0
8632,3,0,6
8633,3,1,3
8634,5,0,2
8635,4,0,6
8636,2,0,2
8637,4,0,3
8638,3,0,5
8639,4,1,6
8640,2,0,0
8641,4,1,2
8642,6,1,3
8643,3,1,5
8644,3,1,4
8645,1,0,6
8646,5,0,1
8647,7,1,3
8648,3,1,1
8649,3,0,0
8650,3,1,6
8651,6,0,3
8652,1,1,2
8653,3,1,0
8654,6,0,3
8655,3,0,1
8656,6,0,3
8657,6,1,5
8658,1,1,0
8659,4,0,2
8660,4,1,6
8661,4,1,2
8662,4,1,1
8663,6,0,0
8664,5,1,2
8665,4,1,2
8666,3,1,0
8667,3,1,3
8668,6,0,3
8669,3,0,5
8670,3,1,1
8671,5,0,3
8672,1,1,3
8673,3,1,0
8674,1,0,6
8675,3,0,0
8676,1,0,4
8677,3,1,6
8678,4,1,6
8679,4,1,2
8680,4,0,4
8681,3,1,5
8682,3,0,0
8683,3,0,6
8684,1,1,6
8685,1,0,2
8686,4,1,3
8687,3,1,3
8688,3,1,3
8689,1,0,5
8690,2,0,0
8691,3,0,0
8692,3,0,6
8693,5,1,3
8694,3,0,4
8695,1,1,5
8696,2,0,2
8697,8,0,0
8698,2,1,6
8699,1,0,0
8700,4,0,3
8701,1,1,0
8702,1,1,5
8703,1,0,5
8704,4,0,1
8705,4,1,3
8706,3,1,5
8707,3,0,5
8708,3,1,2
8709,4,0,2
8710,1,0,3
8711,5,0,5
8712,3,1,1
8713,3,1,6
8714,3,1,3
8715,6,1,6
8716,3,1,5
8717,7,0,4
8718,3,1,2
8719,4,0,0
8720,3,1,0
8721,3,0,6
8722,4,0,1
8723,4,1,1
8724,3,0,4
8725,6,0,6
8726,1,0,3
8727,5,0,4
8728,4,1,2
8729,2,1,6
8730,5,0,6
8731,3,0,6
8732,4,0,5
8733,3,1,1
8734,3,1,3
8735,1,1,6
8736,1,1,5
8737,8,1,0
8738,4,1,2
8739,2,1,1
8740,3,0,6
8741,4,0,4
8742,6,1,2
8743,5,0,3
8744,2,0,6
8745,3,0,6
8746,4,0,3
8747,4,1,5
8748,2,1,6
8749,4,0,0
8750,4,1,0
8751,2,0,4
8752,3,1,4
8753,5,0,2
8754,5,1,4
8755,5,1,0
8756,3,1,3
8757,4,0,1
8758,5,0,6
8759,2,0,1
8760,3,0,3
8761,4,0,3
8762,3,0,0
8763,3,1,5
8764,7,0,3
8765,3,0,2
8766,6,1,5
8767,3,0,0
8768,4,0,5
8769,3,0,0
8770,3,1,3
8771,3,1,2
8772,4,1,5
8773,5,0,1
8774,4,0,5
8775,3,0,2
8776,7,1,0
8777,4,1,3
8778,3,1,3
8779,3,1,6
8780,1,0,0
8781,4,1,1
8782,1,0,6
8783,3,1,3
8784,0,0,4
8785,3,1,6
8786,2,0,2
8787,2,1,2
8788,2,1,1
8789,1,0,6
8790,2,1,4
8791,5,0,1
8792,4,0,1
8793,4,0,4
8794,4,1,5
8795,6,0,6
8796,2,0,6
8797,3,1,3
8798,3,1,2
8799,4,0,3
8800,5,0,4
8801,6,1,3
8802,4,1,1
8803,5,0,3
8804,4,0,1
8805,5,0,4
8806,2,1,4
8807,1,1,0
8808,3,1,4
8809,3,0,4
8810,3,0,1
8811,4,0,2
8812,4,1,0
8813,3,0,3
8814,3,1,0
8815,1,0,6
8816,3,1,1
8817,3,1,3
8818,1,1,3
8819,3,0,4
8820,3,1,6
8821,3,1,3
8822,2,1,1
8823,3,0,2
8824,3,1,2
8825,4,1,1
8826,3,1,0
8827,8,0,3
8828,2,0,3
8829,6,0,6
8830,3,1,6
8831,4,0,5
8832,4,1,3
8833,8,1,4
8834,2,1,0
8835,1,0,6
8836,1,1,0
8837,3,1,3
8838,7,0,3
8839,3,1,0
8840,1,1,5
8841,3,1,1
8842,6,1,2
8843,5,0,1
8844,4,1,2
8845,5,0,2
8846,3,1,0
8847,4,1,1
8848,4,0,1
8849,5,0,1
8850,3,0,0
8851,4,1,3
8852,2,1,1
8853,3,1,0
8854,1,1,2
8855,5,1,3
8856,1,0,0
8857,1,1,3
8858,4,1,2
8859,3,1,3
8860,3,0,6
8861,2,0,1
8862,4,0,3
8863,5,1,3
8864,3,1,6
8865,4,0,0
8866,5,0,4
8867,8,1,6
8868,3,0,6
8869,6,0,2
8870,2,1,2
8871,4,0,4
8872,4,1,3
8873,4,1,3
8874,4,1,0
8875,3,0,2
8876,6,0,4
8877,6,1,6
8878,4,0,3
8879,1,0,3
8880,4,0,0
8881,3,0,6
8882,5,0,5
8883,5,0,3
8884,1,0,0
8885,3,1,0
8886,6,1,1
8887,1,1,2
8888,4,1,4
8889,1,0,4
8890,3,1,2
8891,4,1,3
8892,1,0,5
8893,4,0,2
8894,5,1,5
8895,6,0,2
8896,3,0,4
8897,3,1,0
8898,3,0,2
8899,4,0,1
8900,6,0,1
8901,3,1,0
8902,4,1,6
8903,3,1,2
8904,4,0,1
8905,6,0,1
8906,3,0,4
8907,1,1,5
8908,4,0,1
8909,2,0,1
8910,5,1,6
8911,3,0,4
8912,3,0,3
8913,4,1,3
8914,3,0,0
8915,4,0,0
8916,4,0,4
8917,5,0,3
8918,3,1,5
8919,3,1,3
8920,4,1,6
8921,2,0,1
8922,1,1,3
8923,5,0,4
8924,3,1,5
8925,3,0,2
8926,4,1,0
8927,4,0,1
8928,3,1,6
8929,6,0,5
8930,1,0,5
8931,3,0,3
8932,2,1,6
8933,3,0,2
8934,1,1,1
8935,5,0,2
8936,2,1,6
8937,4,1,2
8938,4,1,3
8939,4,0,3
8940,2,0,6
8941,2,0,2
8942,4,1,4
8943,1,0,0
8944,3,1,4
8945,1,0,2
8946,2,1,1
8947,1,0,0
8948,4,0,2
8949,3,0,6
8950,4,0,3
8951,3,0,6
8952,1,0,1
8953,3,0,5
8954,3,1,2
8955,7,0,4
8956,5,0,1
8957,1,0,4
8958,3,0,3
8959,4,0,3
8960,3,1,0
8961,4,0,1
8962,3,1,0
8963,5,0,0
8964,3,0,2
8965,4,0,3
8966,7,0,4
8967,5,0,0
8968,1,1,5
8969,3,1,1
8970,1,1,2
8971,2,1,6
8972,3,1,3
8973,1,0,6
8974,3,1,3
8975,6,0,5
8976,3,1,1
8977,3,1,0
8978,2,1,4
8979,2,1,5
8980,4,0,4
8981,4,0,5
8982,3,1,3
8983,2,1,1
8984,1,0,2
8985,4,0,6
8986,4,0,4
8987,4,0,5
8988,1,0,6
8989,4,1,1
8990,6,1,0
8991,2,0,6
8992,4,0,3
8993,2,0,1
8994,1,0,2
8995,1,1,4
8996,0,1,1
8997,1,1,2
8998,3,1,2
8999,5,0,0
